CREATE DATABASE  IF NOT EXISTS `atp` /*!40100 DEFAULT CHARACTER SET utf8 COLLATE utf8_spanish_ci */ /*!80016 DEFAULT ENCRYPTION='N' */;
USE `atp`;
-- MySQL dump 10.13  Distrib 8.0.17, for Win64 (x86_64)
--
-- Host: localhost    Database: atp
-- ------------------------------------------------------
-- Server version	8.0.20-0ubuntu0.20.04.1

/*!40101 SET @OLD_CHARACTER_SET_CLIENT=@@CHARACTER_SET_CLIENT */;
/*!40101 SET @OLD_CHARACTER_SET_RESULTS=@@CHARACTER_SET_RESULTS */;
/*!40101 SET @OLD_COLLATION_CONNECTION=@@COLLATION_CONNECTION */;
/*!50503 SET NAMES utf8 */;
/*!40103 SET @OLD_TIME_ZONE=@@TIME_ZONE */;
/*!40103 SET TIME_ZONE='+00:00' */;
/*!40014 SET @OLD_UNIQUE_CHECKS=@@UNIQUE_CHECKS, UNIQUE_CHECKS=0 */;
/*!40014 SET @OLD_FOREIGN_KEY_CHECKS=@@FOREIGN_KEY_CHECKS, FOREIGN_KEY_CHECKS=0 */;
/*!40101 SET @OLD_SQL_MODE=@@SQL_MODE, SQL_MODE='NO_AUTO_VALUE_ON_ZERO' */;
/*!40111 SET @OLD_SQL_NOTES=@@SQL_NOTES, SQL_NOTES=0 */;

--
-- Table structure for table `actuacion`
--

DROP TABLE IF EXISTS `actuacion`;
/*!40101 SET @saved_cs_client     = @@character_set_client */;
/*!50503 SET character_set_client = utf8mb4 */;
CREATE TABLE `actuacion` (
  `id` int NOT NULL AUTO_INCREMENT,
  `idaveria` int NOT NULL,
  `fecha` datetime NOT NULL,
  `usuario` varchar(45) COLLATE utf8_spanish_ci NOT NULL,
  `nid` varchar(14) COLLATE utf8_spanish_ci DEFAULT NULL,
  `actuacion` varchar(255) COLLATE utf8_spanish_ci NOT NULL,
  `facturable` varchar(45) COLLATE utf8_spanish_ci DEFAULT NULL,
  `observaciones` varchar(255) COLLATE utf8_spanish_ci DEFAULT NULL,
  PRIMARY KEY (`id`)
) ENGINE=InnoDB AUTO_INCREMENT=16 DEFAULT CHARSET=utf8 COLLATE=utf8_spanish_ci;
/*!40101 SET character_set_client = @saved_cs_client */;

--
-- Dumping data for table `actuacion`
--

LOCK TABLES `actuacion` WRITE;
/*!40000 ALTER TABLE `actuacion` DISABLE KEYS */;
INSERT INTO `actuacion` VALUES (1,1,'2020-01-01 01:01:01','dtrillo','9847165468749','añlskjdflñskjdflñsdkfja','si','ñalskdjfañlskdjfalñsdkfjlsdkfj'),(2,1,'2020-01-02 01:01:01','dtrillo',NULL,'añlskjdflñskjdflñsdkfja','no',' agfaspidfj  lksdjf ñasdaff'),(3,1,'2020-01-03 01:01:01','dtrillo',NULL,'asdfasdf',NULL,'sdfasdfasdfdfas'),(4,1,'2020-01-03 01:01:01','dtrillo',NULL,'actuacion','no','observaciones'),(5,1,'2020-06-19 11:47:53','dtrillo','0010C2D0012200','asfdasfasdfsdf',NULL,'asdfasdfasdfsdf'),(6,1,'2020-06-22 07:34:02','dtrillo','','SEMÁFORO PEATON ABIERTO',NULL,'hola'),(7,1,'2020-06-22 08:18:46','dtrillo','001010D0013200','ERROR INTERNO',NULL,''),(8,1,'2020-06-25 09:34:46','dtrillo','0010C1D0012200','INVIDENTE NO FUNCIONA',NULL,''),(9,1,'2020-06-25 09:44:25','dtrillo','001003I0013200','LED REPETIDOR FUNDIDO',NULL,'asdfgas fasdfa sdfasf'),(10,1,'2020-06-25 10:06:53','dtrillo','018005I0013200','LED VEHICULO BÁCULO FUNDIDO',NULL,''),(11,1,'2020-06-25 10:21:24','dtrillo','018006D0013200','LED PEATON FUNDIDO',NULL,'asdf'),(12,1,'2020-06-25 12:25:36','dtrillo','018005I0013200','SIN COMUNICACIÓN',NULL,'ASDFASDFASDF'),(13,1,'2020-06-25 12:54:02','dtrillo','018005I0013200','SALIDA DE GRUPO INCORRECTA',NULL,''),(14,1,'2020-06-25 12:54:18','dtrillo','018009D0013200','ELEMENTO EN MAL ESTADO',NULL,''),(15,1,'2020-06-25 13:04:20','dtrillo','018006C0013200','SALIDA DE GRUPO INCORRECTA',NULL,'GDFGSDF DFGSDGD GFDGSDGDFG');
/*!40000 ALTER TABLE `actuacion` ENABLE KEYS */;
UNLOCK TABLES;

--
-- Table structure for table `averia`
--

DROP TABLE IF EXISTS `averia`;
/*!40101 SET @saved_cs_client     = @@character_set_client */;
/*!50503 SET character_set_client = utf8mb4 */;
CREATE TABLE `averia` (
  `id` int NOT NULL AUTO_INCREMENT,
  `instalacion` varchar(45) COLLATE utf8_spanish_ci NOT NULL,
  `averia` varchar(150) COLLATE utf8_spanish_ci NOT NULL,
  `descripcion` varchar(255) COLLATE utf8_spanish_ci DEFAULT NULL,
  `observacion` varchar(255) COLLATE utf8_spanish_ci DEFAULT NULL,
  `nid` varchar(14) COLLATE utf8_spanish_ci DEFAULT NULL,
  `usuario` varchar(45) COLLATE utf8_spanish_ci NOT NULL,
  `fecha` datetime NOT NULL,
  `facturada` varchar(45) COLLATE utf8_spanish_ci NOT NULL,
  `ubicacion` varchar(255) COLLATE utf8_spanish_ci NOT NULL,
  `tipoInstalacion` varchar(45) COLLATE utf8_spanish_ci NOT NULL,
  PRIMARY KEY (`id`)
) ENGINE=InnoDB AUTO_INCREMENT=4 DEFAULT CHARSET=utf8 COLLATE=utf8_spanish_ci;
/*!40101 SET character_set_client = @saved_cs_client */;

--
-- Dumping data for table `averia`
--

LOCK TABLES `averia` WRITE;
/*!40000 ALTER TABLE `averia` DISABLE KEYS */;
INSERT INTO `averia` VALUES (1,'018','AAAAAAAA','AAAAAAAAA','AAAAAAAA',NULL,'dtrillo','2020-01-01 20:00:00','true','CALLE TAL TAL','CRUCE CENTRALIZADO'),(2,'002','BBBB','BBBBBBBBBBBBBB','BBBBBBBBBBBBBBBBBBBBB','00212532111','dtrillo','2020-01-02 20:00:00','false','CALLE TAL TAL','CRUCE'),(3,'98734','CCCCCC','CCCCCCCCCCCC','CCCCCCCCCCCCCCCC','98037826493','dtrillo','2020-01-01 20:01:00','false','CALLE TAL TAL','CRUCE');
/*!40000 ALTER TABLE `averia` ENABLE KEYS */;
UNLOCK TABLES;

--
-- Table structure for table `estado`
--

DROP TABLE IF EXISTS `estado`;
/*!40101 SET @saved_cs_client     = @@character_set_client */;
/*!50503 SET character_set_client = utf8mb4 */;
CREATE TABLE `estado` (
  `id` int NOT NULL AUTO_INCREMENT,
  `idaveria` int NOT NULL,
  `fecha` datetime NOT NULL,
  `usuario` varchar(45) COLLATE utf8_spanish_ci NOT NULL,
  `estado` varchar(45) COLLATE utf8_spanish_ci NOT NULL,
  `descripcion` varchar(255) COLLATE utf8_spanish_ci DEFAULT NULL,
  PRIMARY KEY (`id`)
) ENGINE=InnoDB AUTO_INCREMENT=15 DEFAULT CHARSET=utf8 COLLATE=utf8_spanish_ci;
/*!40101 SET character_set_client = @saved_cs_client */;

--
-- Dumping data for table `estado`
--

LOCK TABLES `estado` WRITE;
/*!40000 ALTER TABLE `estado` DISABLE KEYS */;
INSERT INTO `estado` VALUES (1,1,'2020-06-19 08:37:37','dtrillo','INICIADA','LLEGADA AL CRUCE'),(2,1,'2020-06-25 05:16:13','dtrillo','PENDIENTE','GHFGHFGHDFGH'),(3,3,'2020-06-25 05:16:27','dtrillo','PAUSADA','SDFGSDFG SDFGSDGDG '),(4,1,'2020-06-25 05:26:04','dtrillo','INICIADA','asdfsadfasdfsddfsdfsfffffffff'),(5,2,'2020-06-25 09:49:04','dtrillo','PAUSADA','fsdh dfgzdxfg zdg'),(6,1,'2020-06-25 09:53:04','dtrillo','ACABADA','eg dgdfg '),(7,2,'2020-06-25 09:53:18','dtrillo','ENTERADO','zcbfvbcxb'),(8,1,'2020-06-25 09:59:09','dtrillo','PENDIENTE','asdf'),(9,3,'2020-06-25 10:02:59','dtrillo','ACABADA',''),(10,1,'2020-06-25 10:10:56','dtrillo','ENTERADO','fghsfgsdfgsdfg'),(11,1,'2020-06-25 12:20:59','dtrillo','ENTERADO',''),(12,3,'2020-06-25 12:28:05','dtrillo','PENDIENTE','WQEWQERQWERQWER'),(13,2,'2020-06-25 13:08:56','dtrillo','ENTERADO',''),(14,2,'2020-06-25 13:13:41','dtrillo','ACABADA','');
/*!40000 ALTER TABLE `estado` ENABLE KEYS */;
UNLOCK TABLES;

--
-- Table structure for table `tipoaveria`
--

DROP TABLE IF EXISTS `tipoaveria`;
/*!40101 SET @saved_cs_client     = @@character_set_client */;
/*!50503 SET character_set_client = utf8mb4 */;
CREATE TABLE `tipoaveria` (
  `id` int NOT NULL AUTO_INCREMENT,
  `categoria` varchar(45) COLLATE utf8_spanish_ci NOT NULL,
  `tipoaveria` varchar(100) COLLATE utf8_spanish_ci NOT NULL,
  PRIMARY KEY (`id`)
) ENGINE=InnoDB AUTO_INCREMENT=75 DEFAULT CHARSET=utf8 COLLATE=utf8_spanish_ci;
/*!40101 SET character_set_client = @saved_cs_client */;

--
-- Dumping data for table `tipoaveria`
--

LOCK TABLES `tipoaveria` WRITE;
/*!40000 ALTER TABLE `tipoaveria` DISABLE KEYS */;
INSERT INTO `tipoaveria` VALUES (1,'CRUCE CENTRALIZADO','APAGADO'),(2,'CRUCE CENTRALIZADO','INTERMITENTE'),(3,'CRUCE CENTRALIZADO','SALIDA DE GRUPO INCORRECTA'),(4,'CRUCE CENTRALIZADO','SIN COMUNICACIÓN'),(5,'CRUCE CENTRALIZADO','ERROR INTERNO'),(6,'CRUCE CENTRALIZADO','INCOMPATIBILIDAD DETECTADA'),(7,'CRUCE CENTRALIZADO','NO HAY RETORNO CONTACTOR'),(8,'CRUCE CENTRALIZADO','FIJO'),(9,'CRUCE CENTRALIZADO','EMERGENCIA NO ACTUA'),(10,'CRUCE CENTRALIZADO','PUERTA ABIERTA REGULADOR'),(11,'CRUCE CENTRALIZADO','TEMPERATURA FUERA DE RANGO'),(12,'CRUCE CENTRALIZADO','LED  VEHICULO FUNDIDO'),(13,'CRUCE CENTRALIZADO','LED  VEHICULO BÁCULO FUNDIDO'),(14,'CRUCE CENTRALIZADO','LED REPETIDOR FUNDIDO'),(15,'CRUCE CENTRALIZADO','LED PEATON FUNDIDO'),(16,'CRUCE CENTRALIZADO','INVIDENTE NO FUNCIONA'),(17,'CRUCE CENTRALIZADO','PULSADOR NO FUNCIONA'),(18,'CRUCE CENTRALIZADO','LUZ PULSADOR NO FUNCIONA'),(19,'CRUCE CENTRALIZADO','DETECTOR PEATÓN NO FUNCIONA'),(20,'CRUCE CENTRALIZADO','COMPROBAR FUNCIONAMIENTO'),(21,'CRUCE CENTRALIZADO','DERRIBO'),(22,'CRUCE CENTRALIZADO','SEMÁFORO VEHICULOS GIRADO'),(23,'CRUCE CENTRALIZADO','SEMÁFORO PEATON GIRADO'),(24,'CRUCE CENTRALIZADO','ELEMENTO EN MAL ESTADO'),(25,'CRUCE CENTRALIZADO','SEMÁFORO VEHICULOS ABIERTO'),(26,'CRUCE CENTRALIZADO','SEMÁFORO PEATON ABIERTO'),(27,'CRUCE CENTRALIZADO','CRUCE MAL FUNCIONAMIENTO'),(28,'CRUCE CENTRALIZADO','TAPA COLUMNA ABIERTA'),(29,'CRUCE CENTRALIZADO','OTROS'),(30,'CENTRAL','APAGADA'),(31,'CENTRAL','NO COMUNICA'),(32,'CENTRAL','VARIOS CRUCES NO COMUNICAN'),(33,'CENTRAL','TEMPERATURA FUERA DE RANGO'),(34,'CENTRAL','PUERTA ABIERTA'),(35,'CENTRAL','ELEMENTO MAL ESTADO'),(36,'CENTRAL','AVERIA SAI'),(37,'CENTRAL','OTROS'),(38,'NODO','APAGADA'),(39,'NODO','NO COMUNICA'),(40,'NODO','VARIOS CRUCES NO COMUNICAN'),(41,'NODO','TEMPERATURA FUERA DE RANGO'),(42,'NODO','PUERTA ABIERTA'),(43,'NODO','ELEMENTO MAL ESTADO'),(44,'NODO','AVERIA SAI'),(45,'NODO','OTROS'),(46,'CÁMARAS','SIN IMAGEN'),(47,'CÁMARAS','FALLA TELEMANDO'),(48,'CÁMARAS','FALLA IMAGEN'),(49,'CÁMARAS','ELEMENTO MAL ESTADO'),(50,'CÁMARAS','OTROS'),(51,'PANEL INFORMATIVO','NO COMUNICA'),(52,'PANEL INFORMATIVO','MODULO NO COMUNICA'),(53,'PANEL INFORMATIVO','ELEMENTO MAL ESTADO'),(54,'PANEL INFORMATIVO','OTROS'),(55,'ESPIRAS','NO COMUNICA'),(56,'ESPIRAS','CONTEO NULO'),(57,'ESPIRAS','CONTEO EXCESIVO'),(58,'ESPIRAS','REHACER'),(59,'ESPIRAS','ELEMENTO MAL ESTADO'),(60,'ESPIRAS','OTROS'),(61,'CARGADORES ELÉCTRICOS','NO CARGA'),(62,'CARGADORES ELÉCTRICOS','NO SE PUEDE SACAR CABLE'),(63,'CARGADORES ELÉCTRICOS','NO COMUNICA'),(64,'CARGADORES ELÉCTRICOS','CODIGO ERROR'),(65,'CARGADORES ELÉCTRICOS','OTROS'),(66,'CONTROL DE ACCESOS','NO COMUNICA'),(67,'CONTROL DE ACCESOS','NO COMUNICA INTERFONIA'),(68,'CONTROL DE ACCESOS','ERROR FUNCIONAMIENTO'),(69,'CONTROL DE ACCESOS','ELEMENTO MAL ESTADO'),(70,'CONTROL DE ACCESOS','DEMONTAR/MONTAR VALIDADOR'),(71,'CONTROL DE ACCESOS','OTROS'),(72,'SEÑALES LUMINOSAS','APAGADA'),(73,'RADAR','APAGADO'),(74,'FOTO ROJO','APAGADO');
/*!40000 ALTER TABLE `tipoaveria` ENABLE KEYS */;
UNLOCK TABLES;
/*!40103 SET TIME_ZONE=@OLD_TIME_ZONE */;

/*!40101 SET SQL_MODE=@OLD_SQL_MODE */;
/*!40014 SET FOREIGN_KEY_CHECKS=@OLD_FOREIGN_KEY_CHECKS */;
/*!40014 SET UNIQUE_CHECKS=@OLD_UNIQUE_CHECKS */;
/*!40101 SET CHARACTER_SET_CLIENT=@OLD_CHARACTER_SET_CLIENT */;
/*!40101 SET CHARACTER_SET_RESULTS=@OLD_CHARACTER_SET_RESULTS */;
/*!40101 SET COLLATION_CONNECTION=@OLD_COLLATION_CONNECTION */;
/*!40111 SET SQL_NOTES=@OLD_SQL_NOTES */;

-- Dump completed on 2020-06-26 11:11:27
