CREATE DATABASE  IF NOT EXISTS `atp` /*!40100 DEFAULT CHARACTER SET utf8 COLLATE utf8_spanish_ci */ /*!80016 DEFAULT ENCRYPTION='N' */;
USE `atp`;
-- MySQL dump 10.13  Distrib 8.0.20, for Win64 (x86_64)
--
-- Host: localhost    Database: atp
-- ------------------------------------------------------
-- Server version	8.0.21-0ubuntu0.20.04.3

/*!40101 SET @OLD_CHARACTER_SET_CLIENT=@@CHARACTER_SET_CLIENT */;
/*!40101 SET @OLD_CHARACTER_SET_RESULTS=@@CHARACTER_SET_RESULTS */;
/*!40101 SET @OLD_COLLATION_CONNECTION=@@COLLATION_CONNECTION */;
/*!50503 SET NAMES utf8 */;
/*!40103 SET @OLD_TIME_ZONE=@@TIME_ZONE */;
/*!40103 SET TIME_ZONE='+00:00' */;
/*!40014 SET @OLD_UNIQUE_CHECKS=@@UNIQUE_CHECKS, UNIQUE_CHECKS=0 */;
/*!40014 SET @OLD_FOREIGN_KEY_CHECKS=@@FOREIGN_KEY_CHECKS, FOREIGN_KEY_CHECKS=0 */;
/*!40101 SET @OLD_SQL_MODE=@@SQL_MODE, SQL_MODE='NO_AUTO_VALUE_ON_ZERO' */;
/*!40111 SET @OLD_SQL_NOTES=@@SQL_NOTES, SQL_NOTES=0 */;

--
-- Table structure for table `actuacion`
--

DROP TABLE IF EXISTS `actuacion`;
/*!40101 SET @saved_cs_client     = @@character_set_client */;
/*!50503 SET character_set_client = utf8mb4 */;
CREATE TABLE `actuacion` (
  `id` int NOT NULL AUTO_INCREMENT,
  `idaveria` int NOT NULL,
  `fecha` datetime NOT NULL,
  `usuario` varchar(45) COLLATE utf8_spanish_ci NOT NULL,
  `nid` varchar(14) COLLATE utf8_spanish_ci DEFAULT NULL,
  `actuacion` varchar(255) COLLATE utf8_spanish_ci NOT NULL,
  `facturable` varchar(45) COLLATE utf8_spanish_ci DEFAULT NULL,
  `observaciones` varchar(255) COLLATE utf8_spanish_ci DEFAULT NULL,
  `partida` varchar(45) COLLATE utf8_spanish_ci DEFAULT NULL,
  PRIMARY KEY (`id`)
) ENGINE=InnoDB AUTO_INCREMENT=86 DEFAULT CHARSET=utf8 COLLATE=utf8_spanish_ci;
/*!40101 SET character_set_client = @saved_cs_client */;

--
-- Dumping data for table `actuacion`
--

LOCK TABLES `actuacion` WRITE;
/*!40000 ALTER TABLE `actuacion` DISABLE KEYS */;
INSERT INTO `actuacion` VALUES (1,1,'2020-01-01 01:01:01','dtrillo','9847165468749','añlskjdflñskjdflñsdkfja','no','ñalskdjfañlskdjfalñsdkfjlsdkfj',NULL),(2,1,'2020-01-02 01:01:01','dtrillo',NULL,'añlskjdflñskjdflñsdkfja','no',' agfaspidfj  lksdjf ñasdaff',NULL),(3,1,'2020-01-03 01:01:01','dtrillo',NULL,'asdfasdf','si','sdfasdfasdfdfas',NULL),(4,1,'2020-01-03 01:01:01','dtrillo',NULL,'actuacion','no','observaciones',NULL),(5,1,'2020-06-19 11:47:53','dtrillo','0010C2D0012200','asfdasfasdfsdf','si','asdfasdfasdfsdf',NULL),(6,1,'2020-06-22 07:34:02','dtrillo','','SEMÁFORO PEATON ABIERTO',NULL,'hola',NULL),(7,1,'2020-06-22 08:18:46','dtrillo','001010D0013200','ERROR INTERNO','no','',NULL),(8,1,'2020-06-25 09:34:46','dtrillo','0010C1D0012200','INVIDENTE NO FUNCIONA',NULL,'',NULL),(9,1,'2020-06-25 09:44:25','dtrillo','001003I0013200','LED REPETIDOR FUNDIDO',NULL,'asdfgas fasdfa sdfasf',NULL),(10,1,'2020-06-25 10:06:53','dtrillo','018005I0013200','LED VEHICULO BÁCULO FUNDIDO',NULL,'',NULL),(11,1,'2020-06-25 10:21:24','dtrillo','018006D0013200','LED PEATON FUNDIDO',NULL,'asdf',NULL),(12,1,'2020-06-25 12:25:36','dtrillo','018005I0013200','SIN COMUNICACIÓN',NULL,'ASDFASDFASDF',NULL),(13,1,'2020-06-25 12:54:02','dtrillo','018005I0013200','SALIDA DE GRUPO INCORRECTA',NULL,'',NULL),(14,1,'2020-06-25 12:54:18','dtrillo','018009D0013200','ELEMENTO EN MAL ESTADO',NULL,'',NULL),(15,1,'2020-06-25 13:04:20','dtrillo','018006C0013200','SALIDA DE GRUPO INCORRECTA',NULL,'GDFGSDF DFGSDGD GFDGSDGDFG',NULL),(16,3,'2020-06-29 09:12:42','dtrillo','0010C2D0012200','LED VEHICULO BÁCULO FUNDIDO',NULL,'SAF',NULL),(17,2,'2020-06-29 09:18:00','dtrillo','002005D0013200','LED PEATON FUNDIDO','si','',NULL),(18,2,'2020-06-29 09:18:08','dtrillo','002005D0013200','LED PEATON FUNDIDO','no','',NULL),(19,2,'2020-06-29 09:18:17','dtrillo','002004D0013200','TAPA COLUMNA ABIERTA','si','',NULL),(20,1,'2020-06-29 14:04:00','dtrillo','asdfasdf','FIJO',NULL,'ASDFASDFSDF',NULL),(21,1,'2020-06-30 07:13:16','dtrillo','018008C0013200','INCOMPATIBILIDAD DETECTADA',NULL,'LKJDFÑALKJDF AÑSLDKJFAÑSLDKFJ ASÑLDFASDFASDFASDF',NULL),(22,11,'2020-06-30 13:44:36','dtrillo','001001D0011200','',NULL,'DSFSFSDFASDF',NULL),(23,23,'2020-07-07 08:38:39','dtrillo','','',NULL,'AFG GDG DFGSD DFGS DG',NULL),(24,12,'2020-07-08 09:15:16','dtrillo','','DERRIBO','si','HOLA',NULL),(25,12,'2020-07-08 11:42:22','dtrillo','','APAGADO','true','ADFASDFASF',NULL),(26,17,'2020-07-08 11:54:21','dtrillo','','NO COMUNICA','si','',NULL),(27,12,'2020-07-08 12:01:11','dtrillo','003005I0012200','LED REPETIDOR FUNDIDO','si','SDFG',NULL),(28,18,'2020-07-09 07:27:48','dtrillo','','EMERGENCIA NO ACTUA','si','',NULL),(29,18,'2020-07-09 08:03:32','dtrillo','','LED REPETIDOR FUNDIDO','no','',NULL),(30,18,'2020-07-09 08:03:36','dtrillo','','LED REPETIDOR FUNDIDO','no','',NULL),(31,18,'2020-07-09 08:03:39','dtrillo','','LED VEHICULO BÁCULO FUNDIDO','si','',NULL),(32,18,'2020-07-09 08:03:42','dtrillo','','LED REPETIDOR FUNDIDO','no','',NULL),(33,18,'2020-07-09 08:03:44','dtrillo','','','no','',NULL),(34,18,'2020-07-09 08:03:48','dtrillo','','LED VEHICULO BÁCULO FUNDIDO','no','',NULL),(35,18,'2020-07-09 08:03:51','dtrillo','','LED VEHICULO FUNDIDO',NULL,'',NULL),(36,18,'2020-07-09 08:03:55','dtrillo','','SALIDA DE GRUPO INCORRECTA','no','',NULL),(37,17,'2020-07-09 08:05:47','dtrillo','','CODIGO ERROR','si','',NULL),(38,17,'2020-07-09 08:05:51','dtrillo','','NO SE PUEDE SACAR CABLE','no','',NULL),(39,17,'2020-07-09 08:05:55','dtrillo','','NO COMUNICA','si','',NULL),(40,16,'2020-07-09 08:30:04','dtrillo','','LED REPETIDOR FUNDIDO','no','',NULL),(41,16,'2020-07-09 08:30:22','dtrillo','','LED PEATON FUNDIDO','si','',NULL),(42,16,'2020-07-09 09:37:57','dtrillo','','LED PEATON FUNDIDO','no','',NULL),(43,16,'2020-07-09 09:47:57','dtrillo','','','no','TC UYRTUK YJIU',NULL),(44,28,'2020-07-09 13:17:03','btrigo','','AVERIA SAI',NULL,'',NULL),(45,28,'2020-07-09 13:19:12','btrigo','','AVERIA SAI','si','',NULL),(46,16,'2020-07-20 12:09:00','dtrillo','','PUERTA ABIERTA REGULADOR','no','HJFJHFMFKK',NULL),(47,16,'2020-07-20 12:11:57','dtrillo','001001D0011200','LED REPETIDOR FUNDIDO','si','',NULL),(48,15,'2020-07-20 13:45:10','cgomila2','','EMERGENCIA NO ACTUA','no','',NULL),(49,15,'2020-07-20 13:45:22','cgomila2','','LED VEHICULO BÁCULO FUNDIDO','si','',NULL),(50,29,'2020-07-21 09:13:35','dtrillo','','ELEMENTO MAL ESTADO','no','',NULL),(51,29,'2020-07-22 10:12:38','dtrillo','','REARMAR MAGNETOTÉRMICO','si','',NULL),(52,29,'2020-07-23 12:04:12','dtrillo','','','si','',NULL),(53,29,'2020-07-23 12:57:31','dtrillo','','','no','',NULL),(54,29,'2020-07-23 13:01:19','dtrillo','','','no','',NULL),(55,29,'2020-07-23 13:06:47','dtrillo','','','si','',NULL),(56,29,'2020-07-23 13:39:06','dtrillo','','','si','',NULL),(57,29,'2020-07-24 07:48:11','dtrillo','','','no','',NULL),(58,29,'2020-07-24 07:48:36','dtrillo','','REARMAR DIFERENCIAL','si','ASDF',NULL),(59,29,'2020-07-24 08:02:26','dtrillo','','','si','',NULL),(60,15,'2020-07-27 11:03:29','dtrillo','002005C0013200','CAMBIO LED',NULL,'ETYUE56',NULL),(61,15,'2020-07-27 11:05:07','dtrillo','002005D0013200','CAMBIO VISERA',NULL,'ASDFASDFASF',NULL),(62,15,'2020-07-27 11:08:37','dtrillo','002005D0013200','CERRAR SEMAFORO',NULL,'ADAGADFGAFG',NULL),(63,15,'2020-07-27 11:10:24','dtrillo','002005D0013200','CHEQUEO FUNCIONAMIENTO CRUCE',NULL,'',NULL),(64,15,'2020-01-01 20:00:00','dtrillo','123123','hola hola hola hola',NULL,'dejoalskdjf aslkdjf ',NULL),(65,15,'2020-01-01 20:00:00','dtrillo','123123','hola hola hola hola',NULL,'dejoalskdjf aslkdjf ','34'),(66,15,'2020-01-01 20:00:00','dtrillo','123123','hola hola hola hola',NULL,'dejoalskdjf aslkdjf ',NULL),(67,15,'2020-01-01 20:00:00','dtrillo','123123','hola hola hola hola',NULL,'dejoalskdjf aslkdjf ','holis'),(68,15,'2020-01-01 20:00:00','dtrillo','123123','hola hola hola hola',NULL,'dejoalskdjf aslkdjf ',NULL),(69,15,'2020-07-27 11:18:50','dtrillo','002005D0013200','CERRAR SEMAFORO',NULL,'',NULL),(70,15,'2020-07-27 11:19:47','dtrillo','002005C0013200','CERRAR SEMAFORO',NULL,'',NULL),(71,15,'2020-01-01 20:00:00','dtrillo','123123','hola hola hola hola',NULL,'dejoalskdjf aslkdjf ',NULL),(72,15,'2020-01-01 20:00:00','dtrillo','123123','hola hola hola hola',NULL,'dejoalskdjf aslkdjf ',NULL),(73,15,'2020-01-01 20:00:00','dtrillo','123123','hola hola hola hola',NULL,'dejoalskdjf aslkdjf ',NULL),(74,15,'2020-01-01 20:00:00','dtrillo','123123','hola hola hola hola',NULL,'dejoalskdjf aslkdjf ',NULL),(75,15,'2020-01-01 20:00:00','dtrillo','123123','hola hola hola hola',NULL,'dejoalskdjf aslkdjf ',NULL),(76,15,'2020-01-01 20:00:00','dtrillo','123123','hola hola hola hola',NULL,'dejoalskdjf aslkdjf ',NULL),(77,15,'2020-01-01 20:00:00','dtrillo','123123','hola hola hola hola',NULL,'dejoalskdjf aslkdjf ',NULL),(78,15,'2020-01-01 20:00:00','dtrillo','123123','hola hola hola hola',NULL,'dejoalskdjf aslkdjf ',NULL),(79,15,'2020-01-01 20:00:00','dtrillo','123123','hola hola hola hola',NULL,'dejoalskdjf aslkdjf ',NULL),(80,15,'2020-01-01 20:00:00','dtrillo','123123','hola hola hola hola',NULL,'dejoalskdjf aslkdjf ',NULL),(81,15,'2020-01-01 20:00:00','dtrillo','123123','hola hola hola hola',NULL,'dejoalskdjf aslkdjf ','MD-EUEE'),(82,15,'2020-07-27 11:33:07','dtrillo','002005D0013200','CERRAR SEMAFORO',NULL,'',NULL),(83,15,'2020-07-27 11:33:59','dtrillo','002005C0013200','CAMBIO LED',NULL,'',NULL),(84,15,'2020-07-27 11:35:11','dtrillo','002005C0013200','CAMBIO ACER',NULL,'',NULL),(85,15,'2020-07-27 11:35:46','dtrillo','002005D0013200','CAMBIO TARJETA SALIDAS',NULL,'','MC-ELE-01');
/*!40000 ALTER TABLE `actuacion` ENABLE KEYS */;
UNLOCK TABLES;

--
-- Table structure for table `averia`
--

DROP TABLE IF EXISTS `averia`;
/*!40101 SET @saved_cs_client     = @@character_set_client */;
/*!50503 SET character_set_client = utf8mb4 */;
CREATE TABLE `averia` (
  `id` int NOT NULL AUTO_INCREMENT,
  `instalacion` varchar(45) COLLATE utf8_spanish_ci NOT NULL,
  `averia` varchar(150) COLLATE utf8_spanish_ci NOT NULL,
  `descripcion` varchar(255) COLLATE utf8_spanish_ci DEFAULT NULL,
  `observacion` varchar(255) COLLATE utf8_spanish_ci DEFAULT NULL,
  `nid` varchar(14) COLLATE utf8_spanish_ci DEFAULT NULL,
  `usuario` varchar(45) COLLATE utf8_spanish_ci NOT NULL,
  `fecha` datetime NOT NULL,
  `facturada` varchar(45) COLLATE utf8_spanish_ci NOT NULL,
  `ubicacion` varchar(255) COLLATE utf8_spanish_ci NOT NULL,
  `tipoInstalacion` varchar(45) COLLATE utf8_spanish_ci NOT NULL,
  `fechafacturada` datetime DEFAULT NULL,
  PRIMARY KEY (`id`)
) ENGINE=InnoDB AUTO_INCREMENT=30 DEFAULT CHARSET=utf8 COLLATE=utf8_spanish_ci;
/*!40101 SET character_set_client = @saved_cs_client */;

--
-- Dumping data for table `averia`
--

LOCK TABLES `averia` WRITE;
/*!40000 ALTER TABLE `averia` DISABLE KEYS */;
INSERT INTO `averia` VALUES (1,'018','AAAAAAAA','AAAAAAAAA','AAAAAAAA',NULL,'dtrillo','2020-01-01 20:00:00','true','CALLE TAL TAL','CRUCE CENTRALIZADO',NULL),(2,'002','BBBB','BBBBBBBBBBBBBB','BBBBBBBBBBBBBBBBBBBBB','00212532111','dtrillo','2020-01-02 20:00:00','true','CALLE TAL TAL','CRUCE','2020-07-20 12:44:03'),(3,'98734','CCCCCC','CCCCCCCCCCCC','CCCCCCCCCCCCCCCC','98037826493','dtrillo','2020-01-01 20:01:00','false','CALLE TAL TAL','CRUCE',NULL),(4,'001','INTERMITENTE',NULL,'SADF','001001D0011200','dtrillo','2020-06-30 12:56:58','false','ARAGÓ - UETAM','CRUCE CENTRALIZADO',NULL),(5,'001','ERROR INTERNO',NULL,'ASDFASDFASDF','001002C0013200','dtrillo','2020-06-30 13:38:52','false','ARAGÓ - UETAM','CRUCE CENTRALIZADO',NULL),(6,'001','APAGADO',NULL,'','','dtrillo','2020-06-30 13:39:52','false','ARAGÓ - UETAM','CRUCE CENTRALIZADO',NULL),(7,'001','INTERMITENTE',NULL,'','','dtrillo','2020-06-30 13:40:30','false','ARAGÓ - UETAM','CRUCE CENTRALIZADO',NULL),(8,'001','SALIDA DE GRUPO INCORRECTA',NULL,'','','dtrillo','2020-06-30 13:41:19','false','ARAGÓ - UETAM','CRUCE CENTRALIZADO',NULL),(9,'001','SALIDA DE GRUPO INCORRECTA',NULL,'','','dtrillo','2020-06-30 13:41:57','false','ARAGÓ - UETAM','CRUCE CENTRALIZADO',NULL),(10,'003','INCOMPATIBILIDAD DETECTADA',NULL,'','','dtrillo','2020-06-30 13:42:22','false','JOAN ALCOVER - FONERS ','CRUCE CENTRALIZADO',NULL),(11,'001','ERROR INTERNO',NULL,'AFDASDFASDF','001002D0013200','dtrillo','2020-06-30 13:44:02','true','ARAGÓ - UETAM','CRUCE CENTRALIZADO','2020-07-20 08:41:29'),(12,'003','NO HAY RETORNO CONTACTOR',NULL,'','','dtrillo','2020-06-30 13:45:36','true','JOAN ALCOVER - FONERS ','CRUCE CENTRALIZADO','2020-07-20 08:21:39'),(13,'700','NO SE PUEDE SACAR CABLE',NULL,'','','dtrillo','2020-07-01 06:46:59','false','CARGADOR VEHICULOS ELECTRICOS  C/ ARAGON','CARGADORES ELÉCTRICOS',NULL),(14,'705','CODIGO ERROR',NULL,'123','','dtrillo','2020-07-01 06:48:39','false','CARGADOR MOTOS - CARRER CONQUISTADOR CANT. PÇ DE LA REINA','CARGADORES ELÉCTRICOS',NULL),(15,'002','INCOMPATIBILIDAD DETECTADA',NULL,'DSFGSDFG','','dtrillo','2020-07-01 06:58:22','false','MANACOR - FRANCESC BARCELÓ I COMBIS ','CRUCE CENTRALIZADO',NULL),(16,'001','APAGADO',NULL,'','001002C0013200','dtrillo','2020-07-01 09:42:18','true','ARAGÓ - UETAM','CRUCE CENTRALIZADO','2020-07-20 12:19:12'),(17,'701','OTROS',NULL,'','','dtrillo','2020-07-01 09:45:40','true','CARGADOR VEHICULOS ELECTRICOS  C/ CONQUISTADOR','CARGADORES ELÉCTRICOS',NULL),(18,'007','NO HAY RETORNO CONTACTOR',NULL,'','','dtrillo','2020-07-01 09:47:22','true','MANUEL AZAÑA - PÉREZ GALDÓS','CRUCE CENTRALIZADO',NULL),(19,'701','NO SE PUEDE SACAR CABLE',NULL,'','','dtrillo','2020-07-02 08:29:34','true','CARGADOR VEHICULOS ELECTRICOS  C/ CONQUISTADOR','CARGADORES ELÉCTRICOS',NULL),(20,'CENTRAL 3','TEMPERATURA FUERA DE RANGO',NULL,'','','dtrillo','2020-07-02 08:29:51','true','CENTRAL 3','CENTRAL',NULL),(21,'806','APAGADA',NULL,'','','dtrillo','2020-07-02 08:30:00','true','CAMI JESUS - ALFRED BONET - TESEU VALENTI - COLEGIO LUIS VIVES','SEÑALES LUMINOSAS',NULL),(22,'005','NO HAY RETORNO CONTACTOR',NULL,'','','dtrillo','2020-07-02 08:30:11','true','JOAN ALCOVER - JOAN MARAGALL','CRUCE CENTRALIZADO',NULL),(23,'NOD50','PUERTA ABIERTA',NULL,'','','dtrillo','2020-07-02 08:30:28','true','NODO LAVADERO','NODO',NULL),(24,'5012','',NULL,'','','dtrillo','2020-07-02 08:30:36','true','JONQUET SALIDA','CONTROL DE ACCESOS',NULL),(25,'5012','DEMONTAR/MONTAR VALIDADOR',NULL,'','','dtrillo','2020-07-02 08:30:47','true','JONQUET SALIDA','CONTROL DE ACCESOS',NULL),(26,'906','FIJO',NULL,'','','dtrillo','2020-07-02 08:55:50','true','CTRA. MANACOR - TRAV. GREGORI MARAÑÓN','CRUCE NO CENTRALIZADO',NULL),(27,'003','ERROR INTERNO',NULL,'','','dtrillo','2020-07-02 08:56:58','true','JOAN ALCOVER - FONERS ','CRUCE CENTRALIZADO',NULL),(28,'NOD60','AVERIA SAI',NULL,'','','dtrillo','2020-07-09 12:31:15','true','NODO CATALUNYA','NODO','2020-07-13 12:34:08'),(29,'E30503','ELEMENTO MAL ESTADO',NULL,'','','dtrillo','2020-07-21 09:12:55','false','AVINGUDA ARGENTINA ENTRE CARO I PSG. MARITIM','ESPIRAS',NULL);
/*!40000 ALTER TABLE `averia` ENABLE KEYS */;
UNLOCK TABLES;

--
-- Table structure for table `estado`
--

DROP TABLE IF EXISTS `estado`;
/*!40101 SET @saved_cs_client     = @@character_set_client */;
/*!50503 SET character_set_client = utf8mb4 */;
CREATE TABLE `estado` (
  `id` int NOT NULL AUTO_INCREMENT,
  `idaveria` int NOT NULL,
  `fecha` datetime NOT NULL,
  `usuario` varchar(45) COLLATE utf8_spanish_ci NOT NULL,
  `estado` varchar(45) COLLATE utf8_spanish_ci NOT NULL,
  `descripcion` varchar(255) COLLATE utf8_spanish_ci DEFAULT NULL,
  PRIMARY KEY (`id`)
) ENGINE=InnoDB AUTO_INCREMENT=64 DEFAULT CHARSET=utf8 COLLATE=utf8_spanish_ci;
/*!40101 SET character_set_client = @saved_cs_client */;

--
-- Dumping data for table `estado`
--

LOCK TABLES `estado` WRITE;
/*!40000 ALTER TABLE `estado` DISABLE KEYS */;
INSERT INTO `estado` VALUES (1,1,'2020-06-19 08:37:37','dtrillo','INICIADA','LLEGADA AL CRUCE'),(2,1,'2020-06-25 05:16:13','dtrillo','PENDIENTE','GHFGHFGHDFGH'),(3,3,'2020-06-25 05:16:27','dtrillo','PAUSADA','SDFGSDFG SDFGSDGDG '),(4,1,'2020-06-25 05:26:04','dtrillo','INICIADA','asdfsadfasdfsddfsdfsfffffffff'),(5,2,'2020-06-25 09:49:04','dtrillo','PAUSADA','fsdh dfgzdxfg zdg'),(6,1,'2020-06-25 09:53:04','dtrillo','ACABADA','eg dgdfg '),(7,2,'2020-06-25 09:53:18','dtrillo','ENTERADO','zcbfvbcxb'),(8,1,'2020-06-25 09:59:09','dtrillo','PENDIENTE','asdf'),(9,3,'2020-06-25 10:02:59','dtrillo','ACABADA',''),(10,1,'2020-06-25 10:10:56','dtrillo','ENTERADO','fghsfgsdfgsdfg'),(11,1,'2020-06-25 12:20:59','dtrillo','ENTERADO',''),(12,3,'2020-06-25 12:28:05','dtrillo','PENDIENTE','WQEWQERQWERQWER'),(13,2,'2020-06-25 13:08:56','dtrillo','ENTERADO',''),(14,2,'2020-06-25 13:13:41','dtrillo','ACABADA',''),(15,1,'2020-06-29 08:34:20','dtrillo','ACABADA',''),(16,1,'2020-06-29 08:34:39','dtrillo','INICIADA',''),(17,1,'2020-06-29 09:19:26','dtrillo','ACABADA',''),(18,3,'2020-06-29 11:56:06','dtrillo','PENDIENTE',''),(19,1,'2020-06-29 14:03:45','dtrillo','INICIADAasdvasdfas','SADFASDFSAF'),(20,2,'2020-06-30 07:14:44','dtrillo','INICIADA','TYY DSHSGH '),(21,4,'2020-06-30 13:40:30','dtrillo','INICIADA',NULL),(22,11,'2020-06-30 13:44:02','dtrillo','INICIADA',NULL),(23,12,'2020-06-30 13:45:36','dtrillo','INICIADA',''),(24,12,'2020-06-30 13:51:43','dtrillo','ENTERADO','12341234123412341234SDFGVSFDBVZXCV CVCVDFBVSDFGASDF SDFGSD GDFG'),(25,11,'2020-06-30 13:53:14','dtrillo','ACABADA',''),(26,12,'2020-06-30 13:55:56','dtrillo','ACABADA',''),(27,14,'2020-07-01 06:48:39','dtrillo','INICIADA',''),(28,1,'2020-07-01 06:57:13','dtrillo','PAUSADA','SGFDHF DFHFDHD FGHDF HDFGH'),(29,15,'2020-07-01 06:58:22','dtrillo','INICIADA',''),(30,1,'2020-07-01 07:28:23','dtrillo','ACABADA',''),(31,16,'2020-07-01 09:42:18','dtrillo','PENDIENTE',''),(32,17,'2020-07-01 09:45:40','dtrillo','PENDIENTE',''),(33,18,'2020-07-01 09:47:22','dtrillo','PENDIENTE',''),(34,19,'2020-07-02 08:29:34','dtrillo','PENDIENTE',''),(35,20,'2020-07-02 08:29:51','dtrillo','PENDIENTE',''),(36,21,'2020-07-02 08:30:00','dtrillo','PENDIENTE',''),(37,22,'2020-07-02 08:30:11','dtrillo','PENDIENTE',''),(38,23,'2020-07-02 08:30:28','dtrillo','PENDIENTE',''),(39,24,'2020-07-02 08:30:36','dtrillo','PENDIENTE',''),(40,25,'2020-07-02 08:30:47','dtrillo','PENDIENTE',''),(41,26,'2020-07-02 08:55:50','dtrillo','PENDIENTE',''),(42,27,'2020-07-02 08:56:58','dtrillo','PENDIENTE',''),(43,27,'2020-07-06 10:23:52','dtrillo','ACABADA',''),(44,26,'2020-07-06 13:40:18','dtrillo','ACABADA',''),(45,23,'2020-07-07 07:29:26','dtrillo','INICIADA','ASGADGFDG'),(46,24,'2020-07-07 14:14:38','dtrillo','ACABADA','DFGADFG'),(47,22,'2020-07-07 14:17:35','dtrillo','ACABADA','ADFGAFGDSFGSDFG'),(48,21,'2020-07-07 14:18:18','dtrillo','ACABADA',''),(49,20,'2020-07-07 14:20:04','dtrillo','ACABADA',''),(50,19,'2020-07-07 14:22:26','dtrillo','ACABADA',''),(51,18,'2020-07-09 08:04:18','dtrillo','ACABADA',''),(52,17,'2020-07-09 08:06:06','dtrillo','ACABADA',''),(53,28,'2020-07-09 12:31:15','dtrillo','PENDIENTE',''),(54,28,'2020-07-09 13:29:42','btrigo','INICIADA','JLÑKJ'),(55,28,'2020-07-13 08:23:04','dtrillo','ENTERADO',''),(56,28,'2020-07-13 12:27:53','dtrillo','ACABADA',''),(57,16,'2020-07-20 12:08:21','dtrillo','INICIADA','H'),(58,16,'2020-07-20 12:15:53','dtrillo','ACABADA',''),(59,2,'2020-07-20 12:40:38','dtrillo','ACABADA',''),(60,29,'2020-07-21 09:12:55','dtrillo','PENDIENTE',''),(61,29,'2020-07-21 09:13:15','dtrillo','INICIADA',''),(62,29,'2020-07-22 13:32:06','dtrillo','PENDIENTE','ASDFASDFASDF'),(63,29,'2020-07-27 09:10:19','dtrillo','ACABADA','');
/*!40000 ALTER TABLE `estado` ENABLE KEYS */;
UNLOCK TABLES;

--
-- Table structure for table `material`
--

DROP TABLE IF EXISTS `material`;
/*!40101 SET @saved_cs_client     = @@character_set_client */;
/*!50503 SET character_set_client = utf8mb4 */;
CREATE TABLE `material` (
  `id` int NOT NULL AUTO_INCREMENT,
  `idaveria` int NOT NULL,
  `fecha` datetime NOT NULL,
  `usuario` varchar(45) COLLATE utf8_spanish_ci NOT NULL,
  `nid` varchar(14) COLLATE utf8_spanish_ci DEFAULT NULL,
  `facturable` varchar(45) COLLATE utf8_spanish_ci DEFAULT NULL,
  `observacion` varchar(255) COLLATE utf8_spanish_ci DEFAULT NULL,
  `unidades` int NOT NULL DEFAULT '1',
  `familia` varchar(100) COLLATE utf8_spanish_ci DEFAULT NULL,
  `categoria` varchar(100) COLLATE utf8_spanish_ci DEFAULT NULL,
  `detalle` varchar(100) COLLATE utf8_spanish_ci DEFAULT NULL,
  `partida` varchar(45) COLLATE utf8_spanish_ci DEFAULT NULL,
  PRIMARY KEY (`id`)
) ENGINE=InnoDB AUTO_INCREMENT=10 DEFAULT CHARSET=utf8 COLLATE=utf8_spanish_ci;
/*!40101 SET character_set_client = @saved_cs_client */;

--
-- Dumping data for table `material`
--

LOCK TABLES `material` WRITE;
/*!40000 ALTER TABLE `material` DISABLE KEYS */;
INSERT INTO `material` VALUES (1,29,'2020-01-01 00:00:00','dtrillo',NULL,'no','ddfsdsdsd',1,'s','s','s','123'),(2,29,'2020-01-01 00:00:00','dtrillo','a','no','a',1,'a','a','a','a'),(3,29,'2020-01-01 00:00:00','dtrillo','a','no','a',1,'a','a','a','a'),(4,2,'2020-01-01 00:00:00','usuario','nid',NULL,'observacion.toUpperCase()',1,'familia','categoria','detalle','partida'),(5,29,'2020-07-24 08:30:58','dtrillo','','no','2',1,'COMUNICACIONES','MATERIAL PARES','TORPEDO CAJA/BOTELLA PARA INTERCONEXIÓN HASTA 60 PARES DE 3 (20 X 2 X 0,9 MM².)','MAT-PAR-06'),(6,15,'2020-07-24 09:07:28','dtrillo','002005I0013200','no','ASFASDFASDFASDFASDFASDF',1,'MATERIAL SEMAFÓRICO','SEMÁFORO','PLACA CON SISTEMA LUMINOSO LED PARA PULSADOR DE SEMÁFORO PARA PEATONES','MAT-SEM-13'),(7,15,'2020-07-24 09:12:51','dtrillo','002005D0013200','si','AASDFASDFASDF',1,'PINTURA','PINTURA','IMPRIMACIÓN SINTÉTICA','MAT-PIN-01'),(8,29,'2020-07-27 09:09:34','dtrillo','',NULL,'ASDFASDFSADF',1,'COMUNICACIONES','MATERIAL PARES','TORPEDO CAJA/BOTELLA PARA INTERCONEXIÓN HASTA 60 PARES DE 3 (20 X 2 X 0,9 MM².)','MAT-PAR-06'),(9,29,'2020-07-27 09:09:51','dtrillo','',NULL,'',1,'SOPORTES','SOPORTES','SOPORTE Y MANGUITO DE 1 1/2\" EN COLUMNA PARA MONTAJE SEMÁFORO','MAT-SOP-12');
/*!40000 ALTER TABLE `material` ENABLE KEYS */;
UNLOCK TABLES;

--
-- Table structure for table `rol`
--

DROP TABLE IF EXISTS `rol`;
/*!40101 SET @saved_cs_client     = @@character_set_client */;
/*!50503 SET character_set_client = utf8mb4 */;
CREATE TABLE `rol` (
  `idrol` int NOT NULL AUTO_INCREMENT,
  `usuario` varchar(45) COLLATE utf8_spanish_ci NOT NULL,
  `rol` varchar(45) COLLATE utf8_spanish_ci NOT NULL,
  PRIMARY KEY (`idrol`)
) ENGINE=InnoDB AUTO_INCREMENT=4 DEFAULT CHARSET=utf8 COLLATE=utf8_spanish_ci;
/*!40101 SET character_set_client = @saved_cs_client */;

--
-- Dumping data for table `rol`
--

LOCK TABLES `rol` WRITE;
/*!40000 ALTER TABLE `rol` DISABLE KEYS */;
INSERT INTO `rol` VALUES (1,'csalinas','facturar'),(2,'cgomila','facturar'),(3,'dtrillo','facturar');
/*!40000 ALTER TABLE `rol` ENABLE KEYS */;
UNLOCK TABLES;

--
-- Table structure for table `tipoactuacion`
--

DROP TABLE IF EXISTS `tipoactuacion`;
/*!40101 SET @saved_cs_client     = @@character_set_client */;
/*!50503 SET character_set_client = utf8mb4 */;
CREATE TABLE `tipoactuacion` (
  `id` int NOT NULL AUTO_INCREMENT,
  `categoria` varchar(45) COLLATE utf8_spanish_ci NOT NULL,
  `tipoactuacion` varchar(100) COLLATE utf8_spanish_ci NOT NULL,
  `partida` varchar(45) COLLATE utf8_spanish_ci NOT NULL,
  PRIMARY KEY (`id`)
) ENGINE=InnoDB AUTO_INCREMENT=133 DEFAULT CHARSET=utf8 COLLATE=utf8_spanish_ci;
/*!40101 SET character_set_client = @saved_cs_client */;

--
-- Dumping data for table `tipoactuacion`
--

LOCK TABLES `tipoactuacion` WRITE;
/*!40000 ALTER TABLE `tipoactuacion` DISABLE KEYS */;
INSERT INTO `tipoactuacion` VALUES (48,'CRUCE','REARMAR DIFERENCIAL','MC-GEN-01'),(49,'CRUCE','REARMAR MAGNETOTÉRMICO','MC-GEN-01'),(50,'CRUCE','REINICIAR REGULADOR','MC-GEN-01'),(51,'CRUCE','CAMBIO TARJETA SALIDAS','MC-ELE-01'),(52,'CRUCE','CAMBIO TARJETA CPU','MC-ELE-01'),(53,'CRUCE','CAMBIO TARJETA AMPLIACIÓN','MC-ELE-01'),(54,'CRUCE','CAMBIO ACER','MC-ELE-01'),(55,'CRUCE','TERMOFUSION CABLE ELECTRICO','MC-CAB-20'),(56,'CRUCE','SUSTITUCION CABLE ELECTRICO ','MC-CAB-01 '),(57,'CRUCE','CERRAR PUERTA REGULADOR','MC-SEM-03'),(58,'CRUCE','VOLCADO PROGRAMACIÓN','EX-SSC-01'),(59,'CRUCE','CHEQUEO FUNCIONAMIENTO CRUCE','MC-GEN-02 '),(60,'CRUCE','CAMBIO LED ','MC-LEN-01'),(61,'CRUCE','ORIENTAR SEMAFORO','MC-SEM-04'),(62,'CRUCE','CAMBIO CUERPO','MC-SEM-01 '),(63,'CRUCE','CERRAR SEMAFORO ','MC-SEM-04'),(64,'CRUCE','CAMBIO VISERA','MC-SEM-06 '),(65,'CRUCE','COLOCAR TAPA COLUMNA','MC-SEM-03'),(66,'CRUCE','CAMBIO INVIDENTE','MC-SEM-01'),(67,'CRUCE','CAMBIO PULSADOR','MC-PUL-01'),(68,'CRUCE','CAMBIO DESCONTADOR','MC-ELE-01 '),(69,'CRUCE','CAMBIO DETECTOR PEATON','MC-ELE-01'),(70,'CRUCE','INTERVENCION DERRIBO COLUMNA < 4 MTRS','MC-SEG-01 '),(71,'CRUCE','INTERVENCION DERRIBO COLUMNA > 4 MTRS','MC-SEG-01 '),(72,'CRUCE','CAMBIO VENTILADOR ARMARIO','MC-GEN-03'),(73,'CENTRAL','REARMAR DIFERENCIAL','MC-GEN-01'),(74,'CENTRAL','REARMAR MAGNETOTÉRMICO','MC-GEN-01'),(75,'CENTRAL','REINICIAR CENTRAL','MC-GEN-01'),(76,'CENTRAL','CAMBIO TARJETA COMUNICACIONES','MC-ELE-01'),(77,'CENTRAL','CAMBIO MODEMS','MC-ELE-01'),(78,'CENTRAL','CERRAR PUERTA','MC-SEM-03'),(79,'CENTRAL','CAMBIO SAI','MC-GEN-08'),(80,'CENTRAL','CHEQUEO FUNCIONAMIENTO CENTRAL','MC-GEN-02 '),(81,'CENTRAL','CAMBIO VENTILADOR ARMARIO','MC-GEN-03'),(82,'NODOS DE COMUNICACIÓN','REARMAR DIFERENCIAL','MC-GEN-01'),(83,'NODOS DE COMUNICACIÓN','REARMAR MAGNETOTÉRMICO','MC-GEN-01'),(84,'NODOS DE COMUNICACIÓN','REINICIAR MOXA','MC-GEN-01'),(85,'NODOS DE COMUNICACIÓN','CAMBIO MOXA','MC-ELE-01'),(86,'NODOS DE COMUNICACIÓN','REINICIAR CONVERSOR FIBRA','MC-CTV-08 '),(87,'NODOS DE COMUNICACIÓN','CAMBIO CONVERSOR FIBRA','MC-ELE-01'),(88,'NODOS DE COMUNICACIÓN','REINICIAR SWITCH','MC-GEN-01'),(89,'NODOS DE COMUNICACIÓN','CAMBIO SWITCH','MC-ELE-01'),(90,'NODOS DE COMUNICACIÓN','CAMBIO VENTILADOR ARMARIO','MC-GEN-03'),(91,'NODOS DE COMUNICACIÓN','CERRAR PUERTA','MC-SEM-03'),(92,'NODOS DE COMUNICACIÓN','CAMBIO SAI','MC-GEN-08'),(93,'CÁMARA','REARMAR DIFERENCIAL','MC-GEN-01'),(94,'CÁMARA','REARMAR MAGNETOTÉRMICO','MC-GEN-01'),(95,'CÁMARA','REINICIAR CAMARA','MC-GEN-01'),(96,'CÁMARA','CAMBIO POE','MC-ELE-01'),(97,'CÁMARA','REINICIAR CONVERSOR FIBRA','MC-GEN-01'),(98,'CÁMARA','CAMBIO CONVERSOR FIBRA','MC-ELE-01'),(99,'CÁMARA','REINICIAR SWITCH','MC-GEN-01'),(100,'CÁMARA','CAMBIO SWITCH','MC-ELE-01'),(101,'CÁMARA','CAMBIO VENTILADOR ARMARIO','MC-GEN-03'),(102,'CÁMARA','CERRAR PUERTA','MC-SEM-03'),(103,'CÁMARA','CAMBIO SAI','MC-GEN-08'),(104,'PANEL','REARMAR DIFERENCIAL','MC-GEN-01'),(105,'PANEL','REARMAR MAGNETOTÉRMICO','MC-GEN-01'),(106,'PANEL','REINICIAR PANEL','MC-GEN-01'),(107,'PANEL','REINICIAR MOXA','MC-GEN-01'),(108,'PANEL','CAMBIO MOXA','MC-ELE-01'),(109,'PANEL','REINICIAR CONVERSOR FIBRA','MC-GEN-01'),(110,'PANEL','CAMBIO CONVERSOR FIBRA','MC-ELE-01'),(111,'PANEL','REINICIAR SWITCH','MC-GEN-01'),(112,'PANEL','CAMBIO SWITCH','MC-ELE-01'),(113,'PANEL','CAMBIO VENTILADOR ARMARIO','MC-GEN-03'),(114,'PANEL','CERRAR PUERTA','MC-SEM-03'),(115,'PANEL','CAMBIO SAI','MC-GEN-08'),(116,'ESPIRA','REARMAR DIFERENCIAL','MC-GEN-01'),(117,'ESPIRA','REARMAR MAGNETOTÉRMICO','MC-GEN-01'),(118,'ESPIRA','REINICIAR DETECTOR','MC-GEN-01'),(119,'ESPIRA','CERRAR PUERTA','MC-SEM-03'),(120,'CARGADORES','REARMAR DIFERENCIAL','MC-GEN-01'),(121,'CARGADORES','REARMAR MAGNETOTÉRMICO','MC-GEN-01'),(122,'CARGADORES','REINICIAR CARGADOR','MC-GEN-01 '),(123,'ACIRE','REARMAR DIFERENCIAL','MC-GEN-01'),(124,'ACIRE','REARMAR MAGNETOTÉRMICO','MC-GEN-01'),(125,'ACIRE','REINICIAR ACIRE','MC-GEN-01'),(126,'ACIRE','REINICIAR CONVERSOR FIBRA','MC-GEN-01'),(127,'ACIRE','CAMBIO CONVERSOR FIBRA','MC-ELE-01'),(128,'ACIRE','REINICIAR SWITCH','MC-GEN-01'),(129,'ACIRE','CAMBIO SWITCH','MC-ELE-01'),(130,'ACIRE','CAMBIO VENTILADOR ARMARIO','MC-GEN-03'),(131,'ACIRE','CERRAR PUERTA','MC-SEM-03'),(132,'ACIRE','CAMBIO SAI','MC-GEN-08');
/*!40000 ALTER TABLE `tipoactuacion` ENABLE KEYS */;
UNLOCK TABLES;

--
-- Table structure for table `tipoaveria`
--

DROP TABLE IF EXISTS `tipoaveria`;
/*!40101 SET @saved_cs_client     = @@character_set_client */;
/*!50503 SET character_set_client = utf8mb4 */;
CREATE TABLE `tipoaveria` (
  `id` int NOT NULL AUTO_INCREMENT,
  `categoria` varchar(45) COLLATE utf8_spanish_ci NOT NULL,
  `tipoaveria` varchar(100) COLLATE utf8_spanish_ci NOT NULL,
  PRIMARY KEY (`id`)
) ENGINE=InnoDB AUTO_INCREMENT=76 DEFAULT CHARSET=utf8 COLLATE=utf8_spanish_ci;
/*!40101 SET character_set_client = @saved_cs_client */;

--
-- Dumping data for table `tipoaveria`
--

LOCK TABLES `tipoaveria` WRITE;
/*!40000 ALTER TABLE `tipoaveria` DISABLE KEYS */;
INSERT INTO `tipoaveria` VALUES (1,'CRUCE CENTRALIZADO','APAGADO'),(2,'CRUCE CENTRALIZADO','INTERMITENTE'),(3,'CRUCE CENTRALIZADO','SALIDA DE GRUPO INCORRECTA'),(4,'CRUCE CENTRALIZADO','SIN COMUNICACIÓN'),(5,'CRUCE CENTRALIZADO','ERROR INTERNO'),(6,'CRUCE CENTRALIZADO','INCOMPATIBILIDAD DETECTADA'),(7,'CRUCE CENTRALIZADO','NO HAY RETORNO CONTACTOR'),(8,'CRUCE CENTRALIZADO','FIJO'),(9,'CRUCE CENTRALIZADO','EMERGENCIA NO ACTUA'),(10,'CRUCE CENTRALIZADO','PUERTA ABIERTA REGULADOR'),(11,'CRUCE CENTRALIZADO','TEMPERATURA FUERA DE RANGO'),(12,'CRUCE CENTRALIZADO','LED  VEHICULO FUNDIDO'),(13,'CRUCE CENTRALIZADO','LED  VEHICULO BÁCULO FUNDIDO'),(14,'CRUCE CENTRALIZADO','LED REPETIDOR FUNDIDO'),(15,'CRUCE CENTRALIZADO','LED PEATON FUNDIDO'),(16,'CRUCE CENTRALIZADO','INVIDENTE NO FUNCIONA'),(17,'CRUCE CENTRALIZADO','PULSADOR NO FUNCIONA'),(18,'CRUCE CENTRALIZADO','LUZ PULSADOR NO FUNCIONA'),(19,'CRUCE CENTRALIZADO','DETECTOR PEATÓN NO FUNCIONA'),(20,'CRUCE CENTRALIZADO','COMPROBAR FUNCIONAMIENTO'),(21,'CRUCE CENTRALIZADO','DERRIBO'),(22,'CRUCE CENTRALIZADO','SEMÁFORO VEHICULOS GIRADO'),(23,'CRUCE CENTRALIZADO','SEMÁFORO PEATON GIRADO'),(24,'CRUCE CENTRALIZADO','ELEMENTO EN MAL ESTADO'),(25,'CRUCE CENTRALIZADO','SEMÁFORO VEHICULOS ABIERTO'),(26,'CRUCE CENTRALIZADO','SEMÁFORO PEATON ABIERTO'),(27,'CRUCE CENTRALIZADO','CRUCE MAL FUNCIONAMIENTO'),(28,'CRUCE CENTRALIZADO','TAPA COLUMNA ABIERTA'),(29,'CRUCE CENTRALIZADO','OTROS'),(30,'CENTRAL','APAGADA'),(31,'CENTRAL','NO COMUNICA'),(32,'CENTRAL','VARIOS CRUCES NO COMUNICAN'),(33,'CENTRAL','TEMPERATURA FUERA DE RANGO'),(34,'CENTRAL','PUERTA ABIERTA'),(35,'CENTRAL','ELEMENTO MAL ESTADO'),(36,'CENTRAL','AVERIA SAI'),(37,'CENTRAL','OTROS'),(38,'NODO','APAGADA'),(39,'NODO','NO COMUNICA'),(40,'NODO','VARIOS CRUCES NO COMUNICAN'),(41,'NODO','TEMPERATURA FUERA DE RANGO'),(42,'NODO','PUERTA ABIERTA'),(43,'NODO','ELEMENTO MAL ESTADO'),(44,'NODO','AVERIA SAI'),(45,'NODO','OTROS'),(46,'CÁMARAS','SIN IMAGEN'),(47,'CÁMARAS','FALLA TELEMANDO'),(48,'CÁMARAS','FALLA IMAGEN'),(49,'CÁMARAS','ELEMENTO MAL ESTADO'),(50,'CÁMARAS','OTROS'),(51,'PANEL INFORMATIVO','NO COMUNICA'),(52,'PANEL INFORMATIVO','MODULO NO COMUNICA'),(53,'PANEL INFORMATIVO','ELEMENTO MAL ESTADO'),(54,'PANEL INFORMATIVO','OTROS'),(55,'ESPIRAS','NO COMUNICA'),(56,'ESPIRAS','CONTEO NULO'),(57,'ESPIRAS','CONTEO EXCESIVO'),(58,'ESPIRAS','REHACER'),(59,'ESPIRAS','ELEMENTO MAL ESTADO'),(60,'ESPIRAS','OTROS'),(61,'CARGADORES ELÉCTRICOS','NO CARGA'),(62,'CARGADORES ELÉCTRICOS','NO SE PUEDE SACAR CABLE'),(63,'CARGADORES ELÉCTRICOS','NO COMUNICA'),(64,'CARGADORES ELÉCTRICOS','CODIGO ERROR'),(65,'CARGADORES ELÉCTRICOS','OTROS'),(66,'CONTROL DE ACCESOS','NO COMUNICA'),(67,'CONTROL DE ACCESOS','NO COMUNICA INTERFONIA'),(68,'CONTROL DE ACCESOS','ERROR FUNCIONAMIENTO'),(69,'CONTROL DE ACCESOS','ELEMENTO MAL ESTADO'),(70,'CONTROL DE ACCESOS','DEMONTAR/MONTAR VALIDADOR'),(71,'CONTROL DE ACCESOS','OTROS'),(72,'SEÑALES LUMINOSAS','APAGADA'),(73,'RADAR','APAGADO'),(74,'FOTO ROJO','APAGADO'),(75,'BICIPALMA','NO COMUNICA');
/*!40000 ALTER TABLE `tipoaveria` ENABLE KEYS */;
UNLOCK TABLES;

--
-- Table structure for table `tipomaterial`
--

DROP TABLE IF EXISTS `tipomaterial`;
/*!40101 SET @saved_cs_client     = @@character_set_client */;
/*!50503 SET character_set_client = utf8mb4 */;
CREATE TABLE `tipomaterial` (
  `id` int NOT NULL AUTO_INCREMENT,
  `familia` varchar(45) COLLATE utf8_spanish_ci NOT NULL,
  `categoria` varchar(45) COLLATE utf8_spanish_ci NOT NULL,
  `detalle` varchar(255) COLLATE utf8_spanish_ci NOT NULL,
  `partida` varchar(45) COLLATE utf8_spanish_ci NOT NULL,
  PRIMARY KEY (`id`)
) ENGINE=InnoDB AUTO_INCREMENT=298 DEFAULT CHARSET=utf8 COLLATE=utf8_spanish_ci;
/*!40101 SET character_set_client = @saved_cs_client */;

--
-- Dumping data for table `tipomaterial`
--

LOCK TABLES `tipomaterial` WRITE;
/*!40000 ALTER TABLE `tipomaterial` DISABLE KEYS */;
INSERT INTO `tipomaterial` VALUES (8,'PINTURA','PINTURA','IMPRIMACIÓN SINTÉTICA','MAT-PIN-01'),(9,'PINTURA','PINTURA','IMPREGNACIÓN INCOLORA ANTIGRAFFITI','MAT-PIN-02'),(10,'MATERIAL SEMAFÓRICO','ARMARIOS','ARMARIO TIPO M3','MAT-ARM-01'),(11,'MATERIAL SEMAFÓRICO','ARMARIOS','ARMARIO TIPO M1','MAT-ARM-02'),(12,'MATERIAL SEMAFÓRICO','ARMARIOS','ARMARIO TIPO CENTRAL O NODO','MAT-ARM-03'),(13,'MATERIAL SEMAFÓRICO','ARMARIOS','ARMARIO TIPO G1','MAT-ARM-04'),(14,'MATERIAL SEMAFÓRICO','ARMARIOS','ARMARIO TIPO DETECTORES','MAT-ARM-05'),(15,'MATERIAL SEMAFÓRICO','ARMARIOS','CERRADURA PARA ARMARIOS','MAT-ARM-06'),(16,'MATERIAL SEMAFÓRICO','CENTRALES','CENTRAL CSM DE TRÁFICO PARA 32 CRUCES','MAT-CEN-01'),(17,'MATERIAL SEMAFÓRICO','CENTRALES','PC PARA CENTRAL CSM DE TRÁFICO','MAT-CEN-02'),(18,'MATERIAL SEMAFÓRICO','CENTRALES','REGLETA CONVERTIDORES PARA CENTRAL CMP-CSM','MAT-CEN-03'),(19,'MATERIAL SEMAFÓRICO','CENTRALES','REGLETA ACOMETIDA CENTRAL','MAT-CEN-04'),(20,'MATERIAL SEMAFÓRICO','CENTRALES','MANGUERA PARA MANTENIMIENTO CMP-CSM','MAT-CEN-05'),(21,'MATERIAL SEMAFÓRICO','CENTRALES','MÓDEM CENTRAL (1 MÓDEMO POR CADA 6 REGULADORES)','MAT-CEN-06'),(22,'MATERIAL SEMAFÓRICO','ESPIRAS','FUENTE DE ALIMENTACIÓN FAMO A 12 V.','MAT-DET-01'),(23,'MATERIAL SEMAFÓRICO','ESPIRAS','DETECTOR DE TRÁFICO DE 1 CANAL ','MAT-DET-02'),(24,'MATERIAL SEMAFÓRICO','ESPIRAS','DETECTOR DE TRÁFICO DE 2 CANALES','MAT-DET-03'),(25,'MATERIAL SEMAFÓRICO','ESPIRAS','BUCLE MAGNÉTICO FERROVIARIO 4,00 X 0,50 M.','MAT-DET-04'),(26,'MATERIAL SEMAFÓRICO','ESPIRAS','DETECTOR IVR PARA CONTROL DE BUCLE MAGNÉTICO FERROVIARIO ','MAT-DET-05'),(27,'MATERIAL SEMAFÓRICO','ESPIRAS','AUTÓMATA PARA CONTROL DE ESPIRAS','MAT-DET-06'),(28,'MATERIAL SEMAFÓRICO','LENTES','LÁMPARA DICROICA 12V 50W','MAT-LAM-01'),(29,'MATERIAL SEMAFÓRICO','LENTES','LED PARA SEMÁFORO DIÁMETRO 100 MM. VEHÍCULOS DE COLOR ROJO','MAT-LEN-01'),(30,'MATERIAL SEMAFÓRICO','LENTES','LED PARA SEMÁFORO DIÁMETRO 100 MM. VEHÍCULOS DE COLOR ÁMBAR','MAT-LEN-03'),(31,'MATERIAL SEMAFÓRICO','LENTES','LED PARA SEMÁFORO DIÁMETRO 100 MM. VEHÍCULOS DE COLOR VERDE','MAT-LEN-05'),(32,'MATERIAL SEMAFÓRICO','LENTES','LED PARA SEMÁFORO DIÁMETRO 200 MM. VEHÍCULOS DE COLOR ROJO','MAT-LEN-07'),(33,'MATERIAL SEMAFÓRICO','LENTES','LED PARA SEMÁFORO DIÁMETRO 200 MM. VEHÍCULOS DE COLOR ÁMBAR','MAT-LEN-09'),(34,'MATERIAL SEMAFÓRICO','LENTES','LED PARA SEMÁFORO DIÁMETRO 200 MM. VEHÍCULOS DE COLOR VERDE','MAT-LEN-11'),(35,'MATERIAL SEMAFÓRICO','LENTES','LED PARA SEMÁFORO DIÁMETRO 300 MM. VEHÍCULOS DE COLOR ROJO','MAT-LEN-13'),(36,'MATERIAL SEMAFÓRICO','LENTES','LED PARA SEMÁFORO DIÁMETRO 300 MM. VEHÍCULOS DE COLOR ÁMBAR','MAT-LEN-15'),(37,'MATERIAL SEMAFÓRICO','LENTES','LED PARA SEMÁFORO CUADRADO 200 MM. PEATONES DE COLOR ROJO','MAT-LEN-19'),(38,'MATERIAL SEMAFÓRICO','LENTES','LED PARA SEMÁFORO CUADRADO 200 MM. PEATONES DE COLOR VERDE','MAT-LEN-21'),(39,'MATERIAL SEMAFÓRICO','LENTES','LED PARA SEMÁFORO CUADRADO 200 MM. BICIS DE COLOR ROJO','MAT-LEN-23'),(40,'MATERIAL SEMAFÓRICO','LENTES','LED PARA SEMÁFORO CUADRADO 200 MM. BICIS DE COLOR VERDE','MAT-LEN-25'),(41,'MATERIAL SEMAFÓRICO','LENTES','LED PARA SEMÁFORO CUADRADO 200 MM. PEATÓN/BICI DE COLOR ROJO','MAT-LEN-27'),(42,'MATERIAL SEMAFÓRICO','LENTES','LED PARA SEMÁFORO CUADRADO 200 MM. PEATÓN/BICI DE COLOR VERDE','MAT-LEN-29'),(43,'MATERIAL SEMAFÓRICO','LENTES','LED CON SISTEMA ACÚSTICO, CUADRADO 200 MM. PEATONES DE COLOR VERDE MOD. PASBLUE','MAT-LEN-31'),(44,'MATERIAL SEMAFÓRICO','LENTES','LED CON SISTEMA ACÚSTICO, CUADRADO 200 MM. PEATÓN/BICI DE COLOR VERDE MOD. PASBLUE','MAT-LEN-32'),(45,'MATERIAL SEMAFÓRICO','LENTES','LED TRIANGULAR PARA SEMÁFORO DIÁMETRO 200 MM. TRANVÍA DE COLOR BLANCO','MAT-LEN-33'),(46,'MATERIAL SEMAFÓRICO','LENTES','LED LÍNEA HORIZONTAL PARADA PARA SEMÁFORO DIÁMETRO 200 MM. TRANVÍA DE COLOR BLANCO','MAT-LEN-34'),(47,'MATERIAL SEMAFÓRICO','LENTES','LED LÍNEA VERTICAL PASO PARA SEMÁFORO DIÁMETRO 200 MM. TRANVÍA DE COLOR BLANCO','MAT-LEN-35'),(48,'MATERIAL SEMAFÓRICO','SEÑALES LUMINOSAS','INTERMITENCIA PARA SEMÁFORO DE PASO DE PEATONES CON SEÑALES LUMINOSAS','MAT-LUM-01'),(49,'MATERIAL SEMAFÓRICO','SEÑALES LUMINOSAS','RELÉ A 230 V. CON 4 CONTACTOS PARA SEMÁFORO DE PASO DE PEATONES','MAT-LUM-02'),(50,'MATERIAL SEMAFÓRICO','SEÑALES LUMINOSAS','TEMPORIZADOR MULTIFUNCIÓN COMPACTO CON BASE ENCHUFABLE','MAT-LUM-03'),(51,'MATERIAL SEMAFÓRICO','SEÑALES LUMINOSAS','INTERMITENTE ELECTRÓNICO D-1221 220 V.','MAT-LUM-04'),(52,'MATERIAL SEMAFÓRICO','SEÑALES LUMINOSAS','BARRERA DE INFRARROJOS CON REFLECTOR Y ELECTRÓNICA PARA PASOS DE PEATONES','MAT-LUM-05'),(53,'MATERIAL SEMAFÓRICO','SEÑALES LUMINOSAS','CARCASA CÁMARA IP FIJA PARA DETECCIÓN DE PEATONES IP66','MAT-CTV-11'),(54,'MATERIAL SEMAFÓRICO','PANTALLAS CONTRASTE','PANTALLA DE CONTRASTE 13/300-300-200','MAT-PCO-01'),(55,'MATERIAL SEMAFÓRICO','PANTALLAS CONTRASTE','PANTALLA DE CONTRASTE 13/300-300-300','MAT-PCO-02'),(56,'MATERIAL SEMAFÓRICO','PANTALLAS CONTRASTE','PANTALLA DE CONTRASTE 13/200-200-200','MAT-PCO-03'),(57,'MATERIAL SEMAFÓRICO','REGULADORES','REGULADOR COMPLETO DE 6 GRUPOS CON DLF CON CHASIS Y REGLETA','MAT-REG-01'),(58,'MATERIAL SEMAFÓRICO','REGULADORES','REGULADOR COMPLETO DE 8 GRUPOS CON DLF CON CHASIS Y REGLETA','MAT-REG-02'),(59,'MATERIAL SEMAFÓRICO','REGULADORES','REGULADOR COMPLETO DE 10 GRUPOS CON DLF CON CHASIS Y REGLETA','MAT-REG-03'),(60,'MATERIAL SEMAFÓRICO','REGULADORES','REGULADOR COMPLETO DE 16 GRUPOS CON DLF CON CHASIS Y REGLETA','MAT-REG-04'),(61,'MATERIAL SEMAFÓRICO','REGULADORES','REGULADOR COMPLETO DE 32 GRUPOS CON DLF CON CHASIS Y REGLETA','MAT-REG-05'),(62,'MATERIAL SEMAFÓRICO','REGULADORES','REGLETA 8 GRUPOS (INCLUYE FUENTE DE ALIMENTACIÓN Y TARJETA DE CONEXIONES)','MAT-REG-06'),(63,'MATERIAL SEMAFÓRICO','REGULADORES','REGLETA 16 GRUPOS (INCLUYE FUENTE DE ALIMENTACIÓN Y TARJETA DE CONEXIONES)','MAT-REG-07'),(64,'MATERIAL SEMAFÓRICO','REGULADORES','REGLETA 32 GRUPOS  (INCLUYE FUENTE DE ALIMENTACIÓN Y TARJETA DE CONEXIONES)','MAT-REG-08'),(65,'MATERIAL SEMAFÓRICO','REGULADORES','CHASIS 8 GRUPOS ','MAT-REG-09'),(66,'MATERIAL SEMAFÓRICO','REGULADORES','CHASIS 16 GRUPOS ','MAT-REG-10'),(67,'MATERIAL SEMAFÓRICO','REGULADORES','CHASIS 32 GRUPOS ','MAT-REG-11'),(68,'MATERIAL SEMAFÓRICO','REGULADORES','KIT DE ILUMINACIÓN EN ARMARIO REGULADOR','MAT-REG-12'),(69,'MATERIAL SEMAFÓRICO','REGULADORES','KIT LLAVÍN LATERAL PARA ARMARIO REGULADOR CON MANGUERA','MAT-REG-13'),(70,'MATERIAL SEMAFÓRICO','REGULADORES','KIT DE MÓDULO DLF (DETECCIÓN LUCES FUNDIDAS) SALIDAS DOBLES','MAT-REG-14'),(71,'MATERIAL SEMAFÓRICO','REGULADORES','BACKPLANE 16 GRUPOS PARA REGULADOR SEMAFÓRICO','MAT-REG-15'),(72,'MATERIAL SEMAFÓRICO','REGULADORES','CONEXIÓN SALIDAS CHASIS 8 GRUPOS','MAT-REG-16'),(73,'MATERIAL SEMAFÓRICO','REGULADORES','MANGUERA SALIDAS REGLETERO PARA 8 GRUPOS','MAT-REG-17'),(74,'MATERIAL SEMAFÓRICO','REGULADORES','TARJETA FUENTE DE ALIMENTACIÓN PARA REGULADOR','MAT-REG-18'),(75,'MATERIAL SEMAFÓRICO','REGULADORES','TARJETA CPU TIPO G PARA REGULADOR','MAT-REG-19'),(76,'MATERIAL SEMAFÓRICO','REGULADORES','TARJETA DE SALIDAS DOBLE SIN DLF PARA REGULADOR','MAT-REG-20'),(77,'MATERIAL SEMAFÓRICO','REGULADORES','TARJETA DE SALIDAS DOBLE CON DLF PARA REGULADOR','MAT-REG-21'),(78,'MATERIAL SEMAFÓRICO','REGULADORES','TARJETA DE SALIDAS CUADRÚPLES CON DLF PARA REGULADOR','MAT-REG-22'),(79,'MATERIAL SEMAFÓRICO','REGULADORES','VENTILADOR LATERAL A 230 V. PARA REGULADOR SEMAFÓRICO','MAT-REG-23'),(80,'MATERIAL SEMAFÓRICO','REGULADORES','MÓDULO DE PROTECCIÓN DE VARISTORES PARA REGULADOR DE SEMÁFOROS','MAT-REG-24'),(81,'MATERIAL SEMAFÓRICO','REGULADORES','MÓDULO ACER 93 PARA COMUNICACIONES DEL REGULADOR SEMAFÓRICO','MAT-REG-25'),(82,'MATERIAL SEMAFÓRICO','SEMÁFORO','DIÁMETRO 100 MM. VEHÍCULOS (11/100)','MAT-SEM-01'),(83,'MATERIAL SEMAFÓRICO','SEMÁFORO','DIÁMETRO 100 MM. VEHÍCULOS (12/100)','MAT-SEM-02'),(84,'MATERIAL SEMAFÓRICO','SEMÁFORO','DIÁMETRO 210 MM. VEHÍCULOS (11/200)','MAT-SEM-03'),(85,'MATERIAL SEMAFÓRICO','SEMÁFORO','DIÁMETRO 210 MM. VEHÍCULOS (12/200)','MAT-SEM-04'),(86,'MATERIAL SEMAFÓRICO','SEMÁFORO','DIÁMETRO 210 MM. VEHÍCULOS (13/200)','MAT-SEM-05'),(87,'MATERIAL SEMAFÓRICO','SEMÁFORO','DIÁMETRO 310 MM. VEHÍCULOS (11/300)','MAT-SEM-06'),(88,'MATERIAL SEMAFÓRICO','SEMÁFORO','CUADRADO LADO 210 MM. PEATONES (11/200PP)','MAT-SEM-07'),(89,'MATERIAL SEMAFÓRICO','SEMÁFORO','CUADRADO LADO 210 MM. PEATONES (12/200PP)','MAT-SEM-08'),(90,'MATERIAL SEMAFÓRICO','SEMÁFORO','SONORO CUADRADO LADO 210 MM. PEATONES (11/200PPS) MOD. CIBERPAS O SIMILAR','MAT-SEM-09'),(91,'MATERIAL SEMAFÓRICO','SEMÁFORO','JUEGO DE SEMÁFOROS DESCONTADORES DE PEATONES','MAT-SEM-10'),(92,'MATERIAL SEMAFÓRICO','SEMÁFORO','PULSADOR MECÁNICO DE SEMÁFORO PARA PEATONES','MAT-SEM-11'),(93,'MATERIAL SEMAFÓRICO','SEMÁFORO','BOTONERA PARA PULSADOR MECÁNICO DE SEMÁFORO PARA PEATONES','MAT-SEM-12'),(94,'MATERIAL SEMAFÓRICO','SEMÁFORO','PLACA CON SISTEMA LUMINOSO LED PARA PULSADOR DE SEMÁFORO PARA PEATONES','MAT-SEM-13'),(95,'MATERIAL SEMAFÓRICO','SEMÁFORO','PUERTA-TAPA PARA SEMÁFOROS DE VEHÍCULOS','MAT-SEM-14'),(96,'MATERIAL SEMAFÓRICO','SEMÁFORO','PUERTA-TAPA PARA SEMÁFOROS DE PEATONES','MAT-SEM-15'),(97,'SOPORTES','BÁCULOS','BÁCULO TRONCOCÓNICO ACERO GALVANIZADO DE H=6 M.','MAT-BAC-01'),(98,'SOPORTES','BÁCULOS','BÁCULO TRONCOCÓNICO DE ACERO GALVANIZADO H=9 M.','MAT-BAC-02'),(99,'SOPORTES','BÁCULOS','PLANTILLA DE ANCLAJE PARA BÁCULO','MAT-BAC-03'),(100,'SOPORTES','BÁCULOS','PORTEZUELA PARA REGISTRO BÁCULO','MAT-BAC-04'),(101,'SOPORTES','COLUMNAS','COLUMNA DE ACERO GALVANIZADO DE 0,80 M. DE ALTURA','MAT-COL-01'),(102,'SOPORTES','COLUMNAS','COLUMNA DE ACERO GALVANIZADO DE 2,35 M. DE ALTURA','MAT-COL-02'),(103,'SOPORTES','COLUMNAS','COLUMNA DE ACERO GALVANIZADO DE 4 M. DE ALTURA','MAT-COL-03'),(104,'SOPORTES','COLUMNAS','COLUMNA DE ALUMINIO GRIS DE 3,5 M. DE ALTURA','MAT-COL-04'),(105,'SOPORTES','COLUMNAS','PORTEZUELA PARA REGISTRO COLUMNA','MAT-COL-05'),(106,'SOPORTES','SOPORTES','SOPORTE PARA CAJA DETECTORA SOBRE COLUMNA DE 100 MM. DE DIÁMETRO','MAT-SOP-01'),(107,'SOPORTES','SOPORTES','SOPORTE PARA SEMÁFORO DE 310 MM. EN COLUMNA DE ALUMINIO','MAT-SOP-02'),(108,'SOPORTES','SOPORTES','BAJANTE PARA SEMÁFORO EN BÁCULO','MAT-SOP-03'),(109,'SOPORTES','SOPORTES','BRAZO SIMPLE DE 150 MM. DE SALIENTE','MAT-SOP-04'),(110,'SOPORTES','SOPORTES','BRAZO SIMPLE DE 270 MM. DE SALIENTE','MAT-SOP-05'),(111,'SOPORTES','SOPORTES','BRAZO SIMPLE DE 400 MM. DE SALIENTE','MAT-SOP-06'),(112,'SOPORTES','SOPORTES','BRAZO DOBLE DE 270 MM. SOPORTE EN EL CENTRO Y BRAZO DE 500 MM.','MAT-SOP-07'),(113,'SOPORTES','SOPORTES','BRAZO DOBLE SIN SOPORTE EN EL CENTRO Y BRAZO DE 500 MM.','MAT-SOP-08'),(114,'SOPORTES','SOPORTES','BRAZO TRIPLE DE 270 MM. SOPORTE EN EL CENTRO Y BRAZO DE 600 MM.','MAT-SOP-09'),(115,'SOPORTES','SOPORTES','BRAZO TRIPLE SIN SOPORTE EN EL CENTRO Y BRAZO DE 600 MM.','MAT-SOP-10'),(116,'SOPORTES','SOPORTES','BRAZO ALARGADERA PARA BÁCULO DE ACERO GALVANIZADO  (DE 1 - 1,5 O 3 M.)','MAT-SOP-11'),(117,'SOPORTES','SOPORTES','SOPORTE Y MANGUITO DE 1 1/2\" EN COLUMNA PARA MONTAJE SEMÁFORO','MAT-SOP-12'),(118,'MATERIAL ELÉCTRICO','MATERIAL ELÉCTRICO','MÓDULO CONTADOR Y APARAMENTA Y PROTECCIÓN','MAT-CON-01'),(119,'MATERIAL ELÉCTRICO','MATERIAL ELÉCTRICO','ENCHUFE SCHUKO 16 A. 230 V. 2 POLOS + TT (1 UNIDAD)','MAT-ENC-01'),(120,'MATERIAL ELÉCTRICO','MATERIAL ELÉCTRICO','BASE DE ENCHUFE SCHUKO 16 A. 230 V. 2 POLOS + TT (2-4 UNIDADES)','MAT-ENC-02'),(121,'MATERIAL ELÉCTRICO','MATERIAL ELÉCTRICO','REGLETA 4 TOMAS SCHUKO 10 A. 230 V. CON 1,5 M. DE CABLE CALIBRE 3 X 1,5 MM²','MAT-ENC-03'),(122,'MATERIAL ELÉCTRICO','MATERIAL ELÉCTRICO','KIT PARA PUESTO DE TRABAJO COMPLETO','MAT-ENC-04'),(123,'MATERIAL ELÉCTRICO','MATERIAL ELÉCTRICO','PEQUEÑO MATERIAL EMPLEADO EN TAREAS DE MANTENIMIENTO PREVENTIVO','MAT-MAT-01'),(124,'MATERIAL ELÉCTRICO','CABLEADO ELÉCTRICO','CABLE DE COBRE DESNUDO DE 1X35MM²','MAT-CAB-01'),(125,'MATERIAL ELÉCTRICO','CABLEADO ELÉCTRICO','CABLE DE TOMA TIERRA AISLADO - 1X16 MM²','MAT-CAB-02'),(126,'MATERIAL ELÉCTRICO','CABLEADO ELÉCTRICO','CABLE TIPO PVC AISLADO RV 0,6/1 KV DE 3 X 6 MM².','MAT-CAB-03'),(127,'MATERIAL ELÉCTRICO','CABLEADO ELÉCTRICO','CABLE TIPO PVC AISLADO RV 0,6/1 KV DE 4 X 6 MM²','MAT-CAB-04'),(128,'MATERIAL ELÉCTRICO','CABLEADO ELÉCTRICO','CABLE TIPO PVC AISLADO RV 0,6/1 KV DE 4 X 10 MM²','MAT-CAB-05'),(129,'MATERIAL ELÉCTRICO','CABLEADO ELÉCTRICO','CABLE DE CONEXIONADO A SEMÁFOROS Y PANELES DE F.O. - 6 X 1,5 MM².','MAT-CAB-06'),(130,'MATERIAL ELÉCTRICO','CABLEADO ELÉCTRICO','CABLE DE CONEXIONADO INTERIOR BÁCULOS, SEMÁFOROS SONOROS... - 4 X 1,5 MM².','MAT-CAB-07'),(131,'MATERIAL ELÉCTRICO','CABLEADO ELÉCTRICO','CABLE DE CONEXIONADO INTERIOR BÁCULOS, SEMÁFOROS SONOROS... - 2 X 1,5 MM².','MAT-CAB-08'),(132,'MATERIAL ELÉCTRICO','CABLEADO ELÉCTRICO','CABLE TRENZADO PARA ESPIRAS A DETECTORES - 1 X 2,5 MM².','MAT-CAB-09'),(133,'MATERIAL ELÉCTRICO','CABLEADO ELÉCTRICO','CABLE AUTOPORTANTE DE 9 X 1,5 MM², TIPO EAP-SP','MAT-CAB-10'),(134,'MATERIAL ELÉCTRICO','CABLEADO ELÉCTRICO','CABLE ARMADO DE 9 X 1,5 MM², TIPO EAP-SP','MAT-CAB-11'),(135,'MATERIAL ELÉCTRICO','CABLEADO ELÉCTRICO','CABLE TIPO PVC AISLADO RV 0,6/1 KV DE 2 X 2,5 MM²','MAT-CAB-12'),(136,'MATERIAL ELÉCTRICO','CABLEADO ELÉCTRICO','CABLE TIPO PVC AISLADO RV 0,6/1 KV DE 2 X 6 MM²','MAT-CAB-13'),(137,'MATERIAL ELÉCTRICO','CABLEADO ELÉCTRICO','CAJA DE EMPALMES GRANDE','MAT-PRO-20'),(138,'MATERIAL ELÉCTRICO','PROTECCIONES ELÉCTRICAS','FUSIBLE < 6 A. SIN INDICADOR','MAT-PRO-01'),(139,'MATERIAL ELÉCTRICO','PROTECCIONES ELÉCTRICAS','FUSIBLE 6 A. SIN INDICADOR','MAT-PRO-02'),(140,'MATERIAL ELÉCTRICO','PROTECCIONES ELÉCTRICAS','FUSIBLE 10 A. SIN INDICADOR','MAT-PRO-03'),(141,'MATERIAL ELÉCTRICO','PROTECCIONES ELÉCTRICAS','INTERRUPTOR MAGNETOTÉRMICO DE 2 POLOS TIPO 6KA CURVA C CLASE 2 I=10 A.','MAT-PRO-04'),(142,'MATERIAL ELÉCTRICO','PROTECCIONES ELÉCTRICAS','INTERRUPTOR MAGNETOTÉRMICO DE 2 POLOS TIPO 6KA CURVA C CLASE 2 I=16 A.','MAT-PRO-05'),(143,'MATERIAL ELÉCTRICO','PROTECCIONES ELÉCTRICAS','INTERRUPTOR MAGNETOTÉRMICO DE 2 POLOS TIPO 6KA CURVA C CLASE 2 I=25 A.','MAT-PRO-06'),(144,'MATERIAL ELÉCTRICO','PROTECCIONES ELÉCTRICAS','INTERRUPTOR MAGNETOTÉRMICO DE 2 POLOS TIPO 6KA CURVA C CLASE 2 I=10 A. DPN','MAT-PRO-07'),(145,'MATERIAL ELÉCTRICO','PROTECCIONES ELÉCTRICAS','INTERRUPTOR MAGNETOTÉRMICO DE 2 POLOS TIPO 6KA CURVA C CLASE 2 I=16A. DPN','MAT-PRO-08'),(146,'MATERIAL ELÉCTRICO','PROTECCIONES ELÉCTRICAS','INTERRUPTOR MAGNETOTÉRMICO DE 2 POLOS TIPO 6KA CURVA C CLASE 2 I=25A. DPN','MAT-PRO-09'),(147,'MATERIAL ELÉCTRICO','PROTECCIONES ELÉCTRICAS','INTERRUPTOR DIFERENCIAL DE 2 POLOS I=25A. 30 MA.','MAT-PRO-10'),(148,'MATERIAL ELÉCTRICO','PROTECCIONES ELÉCTRICAS','INTERRUPTOR DIFERENCIAL DE 2 POLOS I=25A. 300 MA.','MAT-PRO-11'),(149,'MATERIAL ELÉCTRICO','PROTECCIONES ELÉCTRICAS','INTERRUPTOR RECONECTADOR DIFERENCIAL DE 2 POLOS I=25A. 30 MA.','MAT-PRO-12'),(150,'MATERIAL ELÉCTRICO','PROTECCIONES ELÉCTRICAS','INTERRUPTOR RECONECTADOR DIFERENCIAL DE 2 POLOS I=25A. 300 MA.','MAT-PRO-13'),(151,'MATERIAL ELÉCTRICO','PROTECCIONES ELÉCTRICAS','INTERRUPTOR AUTOMÁTICO MAGNETOTÉRMICO Y DIFERENCIAL COMBINADOS 2 POLOS I=25A. 30 MA.','MAT-PRO-14'),(152,'MATERIAL ELÉCTRICO','PROTECCIONES ELÉCTRICAS','INTERRUPTOR AUTOMÁTICO MAGNETOTÉRMICO Y DIFERENCIAL COMBINADOS 2 POLOS I=25A. 300 MA.','MAT-PRO-15'),(153,'MATERIAL ELÉCTRICO','PROTECCIONES ELÉCTRICAS','DESCARGADOR COMBINADO DE CORRIENTE DE RAYO Y SOBRETENSIONES DEHNSHIELD DSH 2 POLOS TT 255','MAT-PRO-16'),(154,'MATERIAL ELÉCTRICO','PROTECCIONES ELÉCTRICAS','DESCARGADOR DE SOBRETENSIONES TIPO 2 DE INTENSIDAD NOMINAL 5KA DEHNSHIELD DSH 3 POLOS + N TT 5 275','MAT-PRO-17'),(155,'MATERIAL ELÉCTRICO','PROTECCIONES ELÉCTRICAS','DESCARGADOR DE SOBRETENSIONES PARA PROTECCIÓN DE COMUNICACIONES MÓDULO BLITZDUCTOR BSP M4 BD HF 5','MAT-PRO-18'),(156,'MATERIAL ELÉCTRICO','PROTECCIONES ELÉCTRICAS','BASE PARA MÓDULO BLITZDUCTOR BSP O SIMILAR','MAT-PRO-19'),(157,'MATERIAL ELÉCTRICO','PROTECCIONES ELÉCTRICAS','PIQUETA PARA TOMA TIERRA DE CU DE 1,5 M.','MAT-TIE-01'),(158,'MATERIAL ELÉCTRICO','PROTECCIONES ELÉCTRICAS','PERRILLO O ABRAZADERA PARA PIQUETA DE TOMA TIERRA','MAT-TIE-02'),(159,'MATERIAL ELÉCTRICO','PROTECCIONES ELÉCTRICAS','BORNES DE CONEXIÓN SIGMA DE 25 O 35 MM.','MAT-TIE-03'),(160,'MATERIAL ELÉCTRICO','SAI','SISTEMA DE ALIMENTACIÓN ININTERRUMPIDA (SAI) DE 400 VA 240 W.','MAT-SAI-01'),(161,'MATERIAL ELÉCTRICO','SAI','SISTEMA DE ALIMENTACIÓN ININTERRUMPIDA (SAI) DE 600 VA 360 W.','MAT-SAI-02'),(162,'MATERIAL ELÉCTRICO','SAI','SISTEMA DE ALIMENTACIÓN ININTERRUMPIDA (SAI) DE 800 VA 480 W.','MAT-SAI-03'),(163,'MATERIAL ELÉCTRICO','SAI','SISTEMA DE ALIMENTACIÓN ININTERRUMPIDA (SAI) DE 1500 VA','MAT-SAI-04'),(164,'MATERIAL ELÉCTRICO','SAI','SISTEMA DE ALIMENTACIÓN ININTERRUMPIDA (SAI) DE 2000 VA','MAT-SAI-05'),(165,'MATERIAL ELÉCTRICO','SAI','SISTEMA DE ALIMENTACIÓN ININTERRUMPIDA (SAI) DE 3000 VA','MAT-SAI-06'),(166,'MATERIAL ELÉCTRICO','SAI','ADAPTADOR SALICRU ETHERNET/SNMP WEB ADAPTER INTERNO (CARD)','MAT-SAI-07'),(167,'COMUNICACIONES','CABLEADO COMUNICACIONES','CABLE DE RED RÍGIDO UTP CATEGORÍA 6 10/100/1000','MAT-UTP-01'),(168,'COMUNICACIONES','CABLEADO COMUNICACIONES','LATIGUILLO DE RED RÍGIDO UTP CATEGORÍA 6 10/100/1000 DE 1 M.','MAT-UTP-02'),(169,'COMUNICACIONES','CABLEADO COMUNICACIONES','LATIGUILLO DE RED RÍGIDO UTP CATEGORÍA 6 10/100/1000 DE 3 M.','MAT-UTP-03'),(170,'COMUNICACIONES','CABLEADO COMUNICACIONES','CABLE COAXIAL RG11 PARA SEÑAL DE CÁMARA A ARMARIO','MAT-COA-10'),(171,'COMUNICACIONES','CABLEADO COMUNICACIONES','CABLE TELEFÓNICO DE PARES - 20 X 2 X 0,9 MM²','MAT-PAR-01'),(172,'COMUNICACIONES','CABLEADO COMUNICACIONES','CABLE TELEFÓNICO DE PARES - 10 X 2 X 0,9 MM²','MAT-PAR-02'),(173,'COMUNICACIONES','CABLEADO COMUNICACIONES','CABLE TELEFÓNICO DE PARES - 4 X 2 X 0,9 MM²','MAT-PAR-03'),(174,'COMUNICACIONES','CABLEADO COMUNICACIONES','CABLE 1X6 FIBRA ÓPTICA MONOMODO (9/125)','MAT-FIB-01'),(175,'COMUNICACIONES','CABLEADO COMUNICACIONES','CABLE 1X8 FIBRA ÓPTICA MONOMODO (9/125)','MAT-FIB-02'),(176,'COMUNICACIONES','CABLEADO COMUNICACIONES','CABLE 1X12 FIBRA ÓPTICA MONOMODO (9/125)','MAT-FIB-03'),(177,'COMUNICACIONES','CABLEADO COMUNICACIONES','CABLE 1X24 FIBRA ÓPTICA MONOMODO (9/125)','MAT-FIB-04'),(178,'COMUNICACIONES','CABLEADO COMUNICACIONES','CABLE 1X48 FIBRA ÓPTICA MONOMODO (9/125)','MAT-FIB-05'),(179,'COMUNICACIONES','MATERIAL PARES','TORPEDO CAJA/BOTELLA PARA INTERCONEXIÓN HASTA 20 PARES DE 20 X 2 X 0,9 MM².','MAT-PAR-04'),(180,'COMUNICACIONES','MATERIAL PARES','TORPEDO CAJA/BOTELLA PARA INTERCONEXIÓN HASTA 40 PARES DE 2 (20 X 2 X 0,9 MM².)','MAT-PAR-05'),(181,'COMUNICACIONES','MATERIAL PARES','TORPEDO CAJA/BOTELLA PARA INTERCONEXIÓN HASTA 60 PARES DE 3 (20 X 2 X 0,9 MM².)','MAT-PAR-06'),(182,'COMUNICACIONES','LATIGUILLOS F.O.','LATIGUILLO CABLE DE FIBRA ÓPTICA SC/APC A SC/APC MONOMODO SIMPLEX 9/125 DE 1 M.','MAT-FIB-06'),(183,'COMUNICACIONES','LATIGUILLOS F.O.','LATIGUILLO CABLE DE FIBRA ÓPTICA SC/APC A SC/APC MONOMODO SIMPLEX 9/125 DE 2 M.','MAT-FIB-07'),(184,'COMUNICACIONES','LATIGUILLOS F.O.','LATIGUILLO CABLE DE FIBRA ÓPTICA SC/PC A SC/APC MONOMODO DUPLEX 9/125 DE 1 M.','MAT-FIB-08'),(185,'COMUNICACIONES','LATIGUILLOS F.O.','LATIGUILLO CABLE DE FIBRA ÓPTICA SC/PC A SC/APC MONOMODO DUPLEX 9/125 DE 2 M.','MAT-FIB-09'),(186,'COMUNICACIONES','LATIGUILLOS F.O.','LATIGUILLO CABLE DE FIBRA ÓPTICA LC A SC MONOMODO DUPLEX 9/125 DE 1 M.','MAT-FIB-10'),(187,'COMUNICACIONES','LATIGUILLOS F.O.','LATIGUILLO CABLE DE FIBRA ÓPTICA LC A SC MONOMODO DUPLEX 9/125 DE 2 M.','MAT-FIB-11'),(188,'COMUNICACIONES','LATIGUILLOS F.O.','LATIGUILLO CABLE DE FIBRA ÓPTICA FC/PC A SC/APC MONOMODO SIMPLEX 9/125 DE 1 M.','MAT-FIB-12'),(189,'COMUNICACIONES','LATIGUILLOS F.O.','LATIGUILLO CABLE DE FIBRA ÓPTICA FC/PC A SC/APC MONOMODO SIMPLEX 9/125 DE 2 M.','MAT-FIB-13'),(190,'COMUNICACIONES','LATIGUILLOS F.O.','LATIGUILLO CABLE DE FIBRA ÓPTICA FC A FC MONOMODO DUPLEX 9/125 DE 1 M.','MAT-FIB-14'),(191,'COMUNICACIONES','LATIGUILLOS F.O.','LATIGUILLO CABLE DE FIBRA ÓPTICA FC A FC MONOMODO DUPLEX 9/125 DE 2 M.','MAT-FIB-15'),(192,'COMUNICACIONES','LATIGUILLOS F.O.','LATIGUILLO CABLE DE FIBRA ÓPTICA ST/APC A ST/APC MONOMODO DUPLEX 9/125 DE 1 M.','MAT-FIB-16'),(193,'COMUNICACIONES','LATIGUILLOS F.O.','LATIGUILLO CABLE DE FIBRA ÓPTICA ST/APC A ST/APC MONOMODO DUPLEX 9/125 DE 2 M.','MAT-FIB-17'),(194,'COMUNICACIONES','LATIGUILLOS F.O.','LATIGUILLO CABLE DE FIBRA ÓPTICA LC/APC A SC/APC MONOMODO SIMPLEX G657A2 9/125 DE 1 M.','MAT-FIB-18'),(195,'COMUNICACIONES','LATIGUILLOS F.O.','LATIGUILLO CABLE DE FIBRA ÓPTICA LC/APC A SC/APC MONOMODO SIMPLEX G657A2 9/125 DE 2 M.','MAT-FIB-19'),(196,'COMUNICACIONES','LATIGUILLOS F.O.','LATIGUILLO CABLE DE FIBRA ÓPTICA FC A FC MONOMODO SIMPLEX 9/125 DE 1 M.','MAT-FIB-20'),(197,'COMUNICACIONES','LATIGUILLOS F.O.','LATIGUILLO CABLE DE FIBRA ÓPTICA FC A FC MONOMODO SIMPLEX 9/125 DE 2 M.','MAT-FIB-21'),(198,'COMUNICACIONES','LATIGUILLOS F.O.','PATCH PANEL DE FIBRA ÓPTICA DE 24 SC SIMPLEX','MAT-FIB-22'),(199,'COMUNICACIONES','LATIGUILLOS F.O.','PATCH PANEL DE FIBRA ÓPTICA DE 24 SC DUPLEX','MAT-FIB-23'),(200,'COMUNICACIONES','LATIGUILLOS F.O.','PATCH PANEL DE FIBRA ÓPTICA DE 24 FC SIMPLEX','MAT-FIB-24'),(201,'COMUNICACIONES','LATIGUILLOS F.O.','PATCH PANEL DE FIBRA ÓPTICA DE 48 FC SIMPLEX','MAT-FIB-25'),(202,'COMUNICACIONES','LATIGUILLOS F.O.','PATCH PANEL DE FIBRA ÓPTICA DE 24 ST SIMPLEX','MAT-FIB-26'),(203,'COMUNICACIONES','LATIGUILLOS F.O.','PATCH PANEL DE FIBRA ÓPTICA DE 48 ST SIMPLEX','MAT-FIB-27'),(204,'COMUNICACIONES','LATIGUILLOS F.O.','PIGTAIL F.O. MONOMODO ST/PC 1 M.','MAT-FIB-28'),(205,'COMUNICACIONES','LATIGUILLOS F.O.','PIGTAIL F.O. MONOMODO FC/PC 1 M.','MAT-FIB-29'),(206,'COMUNICACIONES','LATIGUILLOS F.O.','PIGTAIL F.O. MONOMODO SC/PC 1 M.','MAT-FIB-30'),(207,'COMUNICACIONES','LATIGUILLOS F.O.','PIGTAIL F.O. MONOMODO LC/PC 1 M.','MAT-FIB-31'),(208,'COMUNICACIONES','MATERIALES F.O.','TORPEDO DE FIBRA ÓPTICA VERTICAL DE A46 CM. X D14 CM.','MAT-FIB-32'),(209,'COMUNICACIONES','MATERIALES F.O.','TORPEDO DE FIBRA ÓPTICA HORIZONTAL DE 43X19X11 CM.','MAT-FIB-33'),(210,'COMUNICACIONES','MATERIALES F.O.','CAJA DE CONEXIONES PARA FIBRA ÓPTICA DE 4 PUERTOS','MAT-FIB-34'),(211,'COMUNICACIONES','MATERIALES F.O.','CAJA DISTRIBUIDORA DE FIBRA ÓPTICA DE 24 FO','MAT-FIB-35'),(212,'COMUNICACIONES','MATERIALES F.O.','CONVERSOR DE FIBRA ÓPTICA SC A FAST ETHERNET DMC-515SC','MAT-FIB-36'),(213,'COMUNICACIONES','MATERIALES F.O.','CONVERSOR DE FIBRA ÓPTICA SC A ETHERNET 802.3/AB GIGABIT ETHERNET DMC-700SC','MAT-FIB-37'),(214,'COMUNICACIONES','MATERIALES F.O.','CONVERSOR DE FIBRA ÓPTICA SC A ETHERNET 802.3/AB GIGABIT ETHERNET DMC-810SC','MAT-FIB-38'),(215,'COMUNICACIONES','MATERIALES F.O.','CONVERSOR DE ETHERNET A RS-232, RS-422 O RS-485 2 PUERTOS MOXA 5230','MAT-FIB-39'),(216,'COMUNICACIONES','MATERIALES F.O.','CONVERSOR DE ETHERNET A RS-232, RS-422 O RS-485 4 PUERTOS MOXA 5430','MAT-FIB-40'),(217,'COMUNICACIONES','MATERIALES F.O.','CONVERSOR DE ETHERNET A RS-232, RS-422 O RS-485 8 Y 16 PUERTOS MOXA 5630 EN RACK','MAT-FIB-41'),(218,'COMUNICACIONES','MATERIALES F.O.','CONVERSOR RS-232 A RS-485 VARIOS PROTOCOLOS','MAT-FIB-42'),(219,'COMUNICACIONES','MATERIALES F.O.','SWITCH GIGABIT 16 PUERTOS 10/100/1000','MAT-FIB-43'),(220,'COMUNICACIONES','MATERIALES F.O.','SWITCH GIGABIT 24 PUERTOS 10/100/1000','MAT-FIB-44'),(221,'COMUNICACIONES','MATERIALES F.O.','SWITCH NO GESTIONABLE FAST ETHERNET 4 PUERTOS (2) SFP COMNET MOD. CNFE4FX2TX2US','MAT-FIB-45'),(222,'COMUNICACIONES','MATERIALES F.O.','SWITCH NO GESTIONABLE FAST ETHERNET 8 PUERTOS (4) SFP COMNET MOD. CNFE8FX4TX4US','MAT-FIB-46'),(223,'COMUNICACIONES','MATERIALES F.O.','SWITCH GESTIONABLE GIGA ETHERNET 4 PUERTOS (4) SFP COMNET MOD. CNGE8MS','MAT-FIB-47'),(224,'COMUNICACIONES','MATERIALES F.O.','SWITCH GESTIONABLE GIGA ETHERNET 20 PUERTOS (12) SFP COMNET MOD. CNGE20MS','MAT-FIB-48'),(225,'COMUNICACIONES','MATERIALES F.O.','SWITCH GESTIONABLE GIGA ETHERNET 24 PUERTOS (12) SFP COMNET MOD. CNGE28FX4TX24MS','MAT-FIB-49'),(226,'COMUNICACIONES','MATERIALES F.O.','MÓDULO EXTENSOR ETHERNET SFP MONOMODO 100 MBPS. 20 KM. DE COMNET MOD. SFP-3','MAT-FIB-50'),(227,'COMUNICACIONES','MATERIALES F.O.','MÓDULO EXTENSOR ETHERNET SFP MONOMODO 1000 MBPS. 20 KM. DE COMNET MOD. SFP-12A','MAT-FIB-51'),(228,'COMUNICACIONES','MATERIALES F.O.','MÓDULO EXTENSOR ETHERNET SFP MONOMODO 1000 MBPS. 20 KM. DE COMNET MOD. SFP-12B','MAT-FIB-52'),(229,'COMUNICACIONES','MATERIALES F.O.','SWITCH GIGABIT MODELO LGS108P DE LINKSYS','MAT-FIB-53'),(230,'COMUNICACIONES','MATERIAL RACK','ARMARIO RACK 19\" 47U 800 X 1000 MM.','MAT-RAC-01'),(231,'COMUNICACIONES','MATERIAL RACK','ARMARIO RACK 19\" 37U 800 X 1000 MM.','MAT-RAC-02'),(232,'COMUNICACIONES','MATERIAL RACK','CAJA RACK 19\" 3U 482,6 X 420 MM.','MAT-RAC-03'),(233,'COMUNICACIONES','MATERIAL RACK','BANDEJA RACK 19\" CON 25 MM. DE FONDO','MAT-RAC-04'),(234,'COMUNICACIONES','MATERIAL RACK','REGLETA DE 8 TOMAS PARA RACK 19\"','MAT-RAC-05'),(235,'COMUNICACIONES','MATERIAL RACK','ARMARIO RACK 19\" PARA EXTERIORES 120 X 80 X 50 CM. COMPLETO','MAT-RAC-06'),(236,'COMUNICACIONES','MATERIAL RACK','PATCH PANEL 24 RJ45 CAT.6 UTP','MAT-UTP-04'),(237,'COMUNICACIONES','MATERIAL RACK','PATCH PANEL 24 RJ45 CAT. 6 FTP','MAT-FTP-01'),(238,'COMUNICACIONES','MATERIAL RACK','PATCH PANEL 24 PUERTOS BNC','MAT-BNC-01'),(239,'CTV, CONTROL ACCESOS, FOTO-ROJO Y RADAR','CONTROL ACCESOS','CÁMARA CONTROL DE ACCESOS POR LECTURA DE MATRÍCULA TRAFFIC EYE BASIC OVERVIEW','MAT-ACC-01'),(240,'CTV, CONTROL ACCESOS, FOTO-ROJO Y RADAR','FOTO-ROJO','CÁMARA CONTROL DE FOTO ROJO POR LECTURA DE MATRÍCULA TRAFFIC EYE BASIC OVERVIEW','MAT-FOT-01'),(241,'CTV, CONTROL ACCESOS, FOTO-ROJO Y RADAR','RADAR','SISTEMA AFORADOR DE VEHÍCULOS A 230 V.','MAT-AFO-01'),(242,'CTV, CONTROL ACCESOS, FOTO-ROJO Y RADAR','RADAR','RADAR AFORADOR DE TRÁFICO PORTÁTIL','MAT-AFO-02'),(243,'CTV, CONTROL ACCESOS, FOTO-ROJO Y RADAR','RADAR','SISTEMA FIJO PARA CONTROL DE VELOCIDAD','MAT-RAD-01'),(244,'CTV, CONTROL ACCESOS, FOTO-ROJO Y RADAR','RADAR','CABINA NORMALIZADA DGT EN CALZADA DE CHAPA DE ACERO PARA CINEMÓMETRO','MAT-RAD-02'),(245,'CTV, CONTROL ACCESOS, FOTO-ROJO Y RADAR','RADAR','CABINA DISEÑO URBANO EN ACERO INOXIDABLE DE H=3 M. PARA CINEMÓMETRO','MAT-RAD-03'),(246,'CTV, CONTROL ACCESOS, FOTO-ROJO Y RADAR','RADAR','CONJUNTO DE SOPORTES PARA INSTALACIÓN EN CABINA, TRÍPODE O VEHÍCULO','MAT-RAD-04'),(247,'CTV, CONTROL ACCESOS, FOTO-ROJO Y RADAR','RADAR','KIT CINEMÓMETRO LÁSER COMPACTO ','MAT-RAD-05'),(248,'CTV, CONTROL ACCESOS, FOTO-ROJO Y RADAR','RADAR','CINEMÓMETRO LÁSER COMPACTO','MAT-RAD-06'),(249,'CTV, CONTROL ACCESOS, FOTO-ROJO Y RADAR','RADAR','MALETA DE TRANSPORTE PELI PARA CINEMÓMETRO LÁSER COMPACTO ','MAT-RAD-07'),(250,'CTV, CONTROL ACCESOS, FOTO-ROJO Y RADAR','RADAR','SW VISOR PARA CINEMÓMETRO LÁSER COMPACTO','MAT-RAD-08'),(251,'CTV, CONTROL ACCESOS, FOTO-ROJO Y RADAR','RADAR','KIT PARA USO EN REMOTO DE CINEMÓMETRO LÁSER COMPACTO ','MAT-RAD-09'),(252,'CTV, CONTROL ACCESOS, FOTO-ROJO Y RADAR','RADAR','SOPORTE ENVOLVENTE PARA CINEMÓMETRO LÁSER COMPACTO','MAT-RAD-10'),(253,'CTV, CONTROL ACCESOS, FOTO-ROJO Y RADAR','RADAR','SOPORTE PARA INSTALAR EN CABINA HOMOLOGADA CINEMÓMETRO LÁSER COMPACTO ','MAT-RAD-11'),(254,'CTV, CONTROL ACCESOS, FOTO-ROJO Y RADAR','RADAR','KIT TRUFLASH INFRARROJO PARA CINEMÓMETRO LÁSER COMPACTO','MAT-RAD-12'),(255,'CTV, CONTROL ACCESOS, FOTO-ROJO Y RADAR','RADAR','TRUFLASH CON MÓDULO IR PARA CINEMÓMETRO LÁSER COMPACTO ','MAT-RAD-13'),(256,'CTV, CONTROL ACCESOS, FOTO-ROJO Y RADAR','RADAR','ADAPTADOR IR PARA CINEMÓMETRO LÁSER COMPACTO ','MAT-RAD-14'),(257,'CTV, CONTROL ACCESOS, FOTO-ROJO Y RADAR','RADAR','MALETA DE TRANSPORTE PELI PARA TRUFLASH','MAT-RAD-15'),(258,'CTV, CONTROL ACCESOS, FOTO-ROJO Y RADAR','RADAR','BATERÍA RECARGABLE DE POLÍMERO DE LITIO DE 7,4 V. Y 2.600 MAH PARA CINEMÓMETRO LÁSER COMPACTO','MAT-RAD-16'),(259,'CTV, CONTROL ACCESOS, FOTO-ROJO Y RADAR','RADAR','PC EBOX626-842-FL COMPLEMENTARIO PARA CINEMÓMETRO LÁSER','MAT-RAD-17'),(260,'CTV, CONTROL ACCESOS, FOTO-ROJO Y RADAR','RADAR','EQUIPO DE ALIMENTACIÓN ELÉCTRICA A CINEMÓMETRO LÁSER','MAT-RAD-18'),(261,'CTV, CONTROL ACCESOS, FOTO-ROJO Y RADAR','CTV','CÁMARA HIKVISION DS-2DE5174-AE DOMO','MAT-CTV-01'),(262,'CTV, CONTROL ACCESOS, FOTO-ROJO Y RADAR','CTV','DECODIFICADOR DE ALTA DEFINICIÓN DS-6408HDI-T','MAT-CTV-02'),(263,'CTV, CONTROL ACCESOS, FOTO-ROJO Y RADAR','CTV','ACCESORIO DE POSTE PARA DOMO EXTERIOR DS-1602ZJ-POLE','MAT-CTV-03'),(264,'CTV, CONTROL ACCESOS, FOTO-ROJO Y RADAR','CTV','ACCESORIO DE TECHO PARA DOMO EXTERIOR DS-1661ZJ','MAT-CTV-04'),(265,'CTV, CONTROL ACCESOS, FOTO-ROJO Y RADAR','CTV','INJECTOR SUPER HPOE, 56VCD / 60W PARA DOMOS HIKVISION PTZ, IP (-AE) LAS6057CN RJ45','MAT-CTV-05'),(266,'CTV, CONTROL ACCESOS, FOTO-ROJO Y RADAR','CTV','CÁMARA IP FIJA AXIS MOD. P1364-E CON SOPORTE','MAT-CTV-06'),(267,'CTV, CONTROL ACCESOS, FOTO-ROJO Y RADAR','CTV','CÁMARA IP FIJA PARA DETECCIÓN DE PEATONES AXIS MOD. M1013','MAT-CTV-07'),(268,'CTV, CONTROL ACCESOS, FOTO-ROJO Y RADAR','CTV','ALIMENTADOR POE AXIS MOD. T81B22 DC 30 W. MIDSPAN','MAT-CTV-08'),(269,'CTV, CONTROL ACCESOS, FOTO-ROJO Y RADAR','CTV','SOPORTE DE POSTE AXIS MOD. T91A67 60-110 MM.','MAT-CTV-09'),(270,'CTV, CONTROL ACCESOS, FOTO-ROJO Y RADAR','CTV','CARCASA PROTECTORA AXIS MOD. T93E05','MAT-CTV-10'),(271,'INFORMACIÓN AL TRÁFICO','SEÑALES Y PANELES','SEÑAL DE TRÁFICO ALUMINIO REFLECTANTE NIVEL I (D60,TR70,C60)','MAT-SEÑ-01'),(272,'INFORMACIÓN AL TRÁFICO','SEÑALES Y PANELES','PLACA COMPLEMENTARIA ALUMINIO REFLECTANTE NIVEL I (60X30 CM.)','MAT-SEÑ-04'),(273,'INFORMACIÓN AL TRÁFICO','SEÑALES Y PANELES','SEÑAL LED CUADRADA 90 X 90 CM. MOD. TV LED ÁMBAR O ROJO. SEÑAL ASPA (LED ROJO)','MAT-SEÑ-09'),(274,'INFORMACIÓN AL TRÁFICO','SEÑALES Y PANELES','SEÑAL DE PANEL DIRECCIONAL 160 X 45 CM. LED ROJO H.I. A 12 V.','MAT-SEÑ-10'),(275,'INFORMACIÓN AL TRÁFICO','SEÑALES Y PANELES','SEÑAL DE FIBRA ÓPTICA \"RECUERDE 40\" DE 116 X 160 CM. CON SOPORTE DE H=2,4 M.','MAT-SEÑ-11'),(276,'INFORMACIÓN AL TRÁFICO','SEÑALES Y PANELES','SEÑAL DE INFORMACIÓN \"A MÁS VELOCIDAD SEMÁFORO ROJO\" DE 120 X 90 CM.','MAT-SEÑ-12'),(277,'INFORMACIÓN AL TRÁFICO','SEÑALES Y PANELES','PANEL ALFANUMÉRICO GRÁFICO FORMADO POR TRES CAJONES DE 190 X 50 CM.','MAT-PAN-01'),(278,'INFORMACIÓN AL TRÁFICO','SEÑALES Y PANELES','FUENTE DE ALIMENTACIÓN PARA PANEL DE INFORMACIÓN DE MEAN WELL MOD. SP-320 48 V. 6,7 A.','MAT-PAN-02'),(279,'INFORMACIÓN AL TRÁFICO','SEÑALES Y PANELES','MÓDULO ALFANUMÉRICO 125 X 90 MM. ÁMBAR 5 V.','MAT-PAN-03'),(280,'INFORMACIÓN AL TRÁFICO','SEÑALES Y PANELES','PANEL DINÁMICO DE GUIADO A LOS APARCAMIENTOS (5 PÁRKINGS)','MAT-PAN-04'),(281,'INFORMACIÓN AL TRÁFICO','SEÑALES Y PANELES','PANEL DINÁMICO DE GUIADO A LOS APARCAMIENTOS (4 PÁRKINGS)','MAT-PAN-05'),(282,'INFORMACIÓN AL TRÁFICO','SEÑALES Y PANELES','PANEL DINÁMICO DE GUIADO A LOS APARCAMIENTOS (3 PÁRKINGS)','MAT-PAN-06'),(283,'INFORMACIÓN AL TRÁFICO','SEÑALES Y PANELES','CARTEL INFORMATIVO DE 150 X 100 CM. DE ACERO GALVANIZADO REFLECTANTE','MAT-INF-01'),(284,'INFORMACIÓN AL TRÁFICO','SEÑALES Y PANELES','PLUMA DE BARRERA PARA PASO A NIVEL DE FERROCARRIL O TREN','MAT-PLU-01'),(285,'INFORMACIÓN AL TRÁFICO','MATERIAL SEÑALES','POSTE DE ALUMINIO Ø 60 MM., 5 MM. ESPESOR, ESTRIADO','MAT-SEÑ-02'),(286,'INFORMACIÓN AL TRÁFICO','MATERIAL SEÑALES','ABRAZADERAS Ø 60 MM., INCLUSO TORNILLERÍA','MAT-SEÑ-03'),(287,'INFORMACIÓN AL TRÁFICO','MATERIAL SEÑALES','ABRAZADERAS PARA FLEJE TORNILLERIA INCLUIDA','MAT-SEÑ-05'),(288,'INFORMACIÓN AL TRÁFICO','MATERIAL SEÑALES','FLEJE INOXIDABLE 3/4\", INCLUIDAS HEBILLAS DE SUJECIÓN','MAT-SEÑ-06'),(289,'INFORMACIÓN AL TRÁFICO','MATERIAL SEÑALES','BALIZA FLEXIBLE H-50 CON BANDAS REFLECTANTES','MAT-SEÑ-07'),(290,'INFORMACIÓN AL TRÁFICO','MATERIAL SEÑALES','TACO DE EXPANSIÓN METÁLICO M12X10 CM.','MAT-SEÑ-08'),(291,'INFORMACIÓN AL TRÁFICO','MATERIAL SEÑALES','TORNILLERÍA DE SUJECCIÓN BARRERA PASO A NIVEL','MAT-PLU-02'),(292,'CARGADORES ELÉCTRICOS','CARGADORES ELÉCTRICOS','ESTACIÓN DE RECARGA TIPO PILÓN O SIMILAR','MAT-REC-01'),(293,'CARGADORES ELÉCTRICOS','CARGADORES ELÉCTRICOS','TARJETA RFID MIFARE 1K BLANCA O SIMILAR','MAT-REC-02'),(294,'CARGADORES ELÉCTRICOS','CARGADORES ELÉCTRICOS','TARJETA RFID MIFARE 1K PERSONALIZADA O SIMILAR','MAT-REC-03'),(295,'CARGADORES ELÉCTRICOS','CARGADORES ELÉCTRICOS','MÓDULO DE PROTECCIÓN Y MECANISMOS PARA 1 LÍNEA','MAT-REC-04'),(296,'CARGADORES ELÉCTRICOS','CARGADORES ELÉCTRICOS','MÓDULO DE PROTECCIÓN Y MECANISMOS PARA 2 LÍNEAS','MAT-REC-05'),(297,'CARGADORES ELÉCTRICOS','CARGADORES ELÉCTRICOS','MÓDULO DE CONTROL CCL1 PARA SISTEMA DE RECARGA DE VEHÍCULO ELÉCTRICO','MAT-REC-06');
/*!40000 ALTER TABLE `tipomaterial` ENABLE KEYS */;
UNLOCK TABLES;
/*!40103 SET TIME_ZONE=@OLD_TIME_ZONE */;

/*!40101 SET SQL_MODE=@OLD_SQL_MODE */;
/*!40014 SET FOREIGN_KEY_CHECKS=@OLD_FOREIGN_KEY_CHECKS */;
/*!40014 SET UNIQUE_CHECKS=@OLD_UNIQUE_CHECKS */;
/*!40101 SET CHARACTER_SET_CLIENT=@OLD_CHARACTER_SET_CLIENT */;
/*!40101 SET CHARACTER_SET_RESULTS=@OLD_CHARACTER_SET_RESULTS */;
/*!40101 SET COLLATION_CONNECTION=@OLD_COLLATION_CONNECTION */;
/*!40111 SET SQL_NOTES=@OLD_SQL_NOTES */;

-- Dump completed on 2020-07-29  6:52:06
