CREATE DATABASE  IF NOT EXISTS `atp` /*!40100 DEFAULT CHARACTER SET utf8 COLLATE utf8_spanish_ci */ /*!80016 DEFAULT ENCRYPTION='N' */;
USE `atp`;
-- MySQL dump 10.13  Distrib 8.0.20, for Win64 (x86_64)
--
-- Host: localhost    Database: atp
-- ------------------------------------------------------
-- Server version	8.0.20-0ubuntu0.20.04.1

/*!40101 SET @OLD_CHARACTER_SET_CLIENT=@@CHARACTER_SET_CLIENT */;
/*!40101 SET @OLD_CHARACTER_SET_RESULTS=@@CHARACTER_SET_RESULTS */;
/*!40101 SET @OLD_COLLATION_CONNECTION=@@COLLATION_CONNECTION */;
/*!50503 SET NAMES utf8 */;
/*!40103 SET @OLD_TIME_ZONE=@@TIME_ZONE */;
/*!40103 SET TIME_ZONE='+00:00' */;
/*!40014 SET @OLD_UNIQUE_CHECKS=@@UNIQUE_CHECKS, UNIQUE_CHECKS=0 */;
/*!40014 SET @OLD_FOREIGN_KEY_CHECKS=@@FOREIGN_KEY_CHECKS, FOREIGN_KEY_CHECKS=0 */;
/*!40101 SET @OLD_SQL_MODE=@@SQL_MODE, SQL_MODE='NO_AUTO_VALUE_ON_ZERO' */;
/*!40111 SET @OLD_SQL_NOTES=@@SQL_NOTES, SQL_NOTES=0 */;

--
-- Table structure for table `actuacion`
--

DROP TABLE IF EXISTS `actuacion`;
/*!40101 SET @saved_cs_client     = @@character_set_client */;
/*!50503 SET character_set_client = utf8mb4 */;
CREATE TABLE `actuacion` (
  `id` int NOT NULL AUTO_INCREMENT,
  `idaveria` int NOT NULL,
  `fecha` datetime NOT NULL,
  `usuario` varchar(45) COLLATE utf8_spanish_ci NOT NULL,
  `nid` varchar(14) COLLATE utf8_spanish_ci DEFAULT NULL,
  `actuacion` varchar(255) COLLATE utf8_spanish_ci NOT NULL,
  `facturable` varchar(45) COLLATE utf8_spanish_ci DEFAULT NULL,
  `observaciones` varchar(255) COLLATE utf8_spanish_ci DEFAULT NULL,
  PRIMARY KEY (`id`)
) ENGINE=InnoDB AUTO_INCREMENT=51 DEFAULT CHARSET=utf8 COLLATE=utf8_spanish_ci;
/*!40101 SET character_set_client = @saved_cs_client */;

--
-- Dumping data for table `actuacion`
--

LOCK TABLES `actuacion` WRITE;
/*!40000 ALTER TABLE `actuacion` DISABLE KEYS */;
INSERT INTO `actuacion` VALUES (1,1,'2020-01-01 01:01:01','dtrillo','9847165468749','añlskjdflñskjdflñsdkfja','si','ñalskdjfañlskdjfalñsdkfjlsdkfj'),(2,1,'2020-01-02 01:01:01','dtrillo',NULL,'añlskjdflñskjdflñsdkfja','no',' agfaspidfj  lksdjf ñasdaff'),(3,1,'2020-01-03 01:01:01','dtrillo',NULL,'asdfasdf',NULL,'sdfasdfasdfdfas'),(4,1,'2020-01-03 01:01:01','dtrillo',NULL,'actuacion','no','observaciones'),(5,1,'2020-06-19 11:47:53','dtrillo','0010C2D0012200','asfdasfasdfsdf',NULL,'asdfasdfasdfsdf'),(6,1,'2020-06-22 07:34:02','dtrillo','','SEMÁFORO PEATON ABIERTO',NULL,'hola'),(7,1,'2020-06-22 08:18:46','dtrillo','001010D0013200','ERROR INTERNO',NULL,''),(8,1,'2020-06-25 09:34:46','dtrillo','0010C1D0012200','INVIDENTE NO FUNCIONA',NULL,''),(9,1,'2020-06-25 09:44:25','dtrillo','001003I0013200','LED REPETIDOR FUNDIDO',NULL,'asdfgas fasdfa sdfasf'),(10,1,'2020-06-25 10:06:53','dtrillo','018005I0013200','LED VEHICULO BÁCULO FUNDIDO',NULL,''),(11,1,'2020-06-25 10:21:24','dtrillo','018006D0013200','LED PEATON FUNDIDO',NULL,'asdf'),(12,1,'2020-06-25 12:25:36','dtrillo','018005I0013200','SIN COMUNICACIÓN',NULL,'ASDFASDFASDF'),(13,1,'2020-06-25 12:54:02','dtrillo','018005I0013200','SALIDA DE GRUPO INCORRECTA',NULL,''),(14,1,'2020-06-25 12:54:18','dtrillo','018009D0013200','ELEMENTO EN MAL ESTADO',NULL,''),(15,1,'2020-06-25 13:04:20','dtrillo','018006C0013200','SALIDA DE GRUPO INCORRECTA',NULL,'GDFGSDF DFGSDGD GFDGSDGDFG'),(16,3,'2020-06-29 09:12:42','dtrillo','0010C2D0012200','LED VEHICULO BÁCULO FUNDIDO',NULL,'SAF'),(17,2,'2020-06-29 09:18:00','dtrillo','002005D0013200','LED PEATON FUNDIDO','si',''),(18,2,'2020-06-29 09:18:08','dtrillo','002005D0013200','LED PEATON FUNDIDO','no',''),(19,2,'2020-06-29 09:18:17','dtrillo','002004D0013200','TAPA COLUMNA ABIERTA','si',''),(20,1,'2020-06-29 14:04:00','dtrillo','asdfasdf','FIJO',NULL,'ASDFASDFSDF'),(21,1,'2020-06-30 07:13:16','dtrillo','018008C0013200','INCOMPATIBILIDAD DETECTADA',NULL,'LKJDFÑALKJDF AÑSLDKJFAÑSLDKFJ ASÑLDFASDFASDFASDF'),(22,11,'2020-06-30 13:44:36','dtrillo','001001D0011200','',NULL,'DSFSFSDFASDF'),(23,23,'2020-07-07 08:38:39','dtrillo','','',NULL,'AFG GDG DFGSD DFGS DG'),(24,12,'2020-07-08 09:15:16','dtrillo','','DERRIBO','si','HOLA'),(25,12,'2020-07-08 11:42:22','dtrillo','','APAGADO','true','ADFASDFASF'),(26,17,'2020-07-08 11:54:21','dtrillo','','NO COMUNICA','si',''),(27,12,'2020-07-08 12:01:11','dtrillo','003005I0012200','LED REPETIDOR FUNDIDO','si','SDFG'),(28,18,'2020-07-09 07:27:48','dtrillo','','EMERGENCIA NO ACTUA','si',''),(29,18,'2020-07-09 08:03:32','dtrillo','','LED REPETIDOR FUNDIDO','no',''),(30,18,'2020-07-09 08:03:36','dtrillo','','LED REPETIDOR FUNDIDO','no',''),(31,18,'2020-07-09 08:03:39','dtrillo','','LED VEHICULO BÁCULO FUNDIDO','si',''),(32,18,'2020-07-09 08:03:42','dtrillo','','LED REPETIDOR FUNDIDO','no',''),(33,18,'2020-07-09 08:03:44','dtrillo','','','no',''),(34,18,'2020-07-09 08:03:48','dtrillo','','LED VEHICULO BÁCULO FUNDIDO','no',''),(35,18,'2020-07-09 08:03:51','dtrillo','','LED VEHICULO FUNDIDO',NULL,''),(36,18,'2020-07-09 08:03:55','dtrillo','','SALIDA DE GRUPO INCORRECTA','no',''),(37,17,'2020-07-09 08:05:47','dtrillo','','CODIGO ERROR','si',''),(38,17,'2020-07-09 08:05:51','dtrillo','','NO SE PUEDE SACAR CABLE','no',''),(39,17,'2020-07-09 08:05:55','dtrillo','','NO COMUNICA','si',''),(40,16,'2020-07-09 08:30:04','dtrillo','','LED REPETIDOR FUNDIDO','no',''),(41,16,'2020-07-09 08:30:22','dtrillo','','LED PEATON FUNDIDO','si',''),(42,16,'2020-07-09 09:37:57','dtrillo','','LED PEATON FUNDIDO','no',''),(43,16,'2020-07-09 09:47:57','dtrillo','','','no','TC UYRTUK YJIU'),(44,28,'2020-07-09 13:17:03','btrigo','','AVERIA SAI',NULL,''),(45,28,'2020-07-09 13:19:12','btrigo','','AVERIA SAI','si',''),(46,16,'2020-07-20 12:09:00','dtrillo','','PUERTA ABIERTA REGULADOR','no','HJFJHFMFKK'),(47,16,'2020-07-20 12:11:57','dtrillo','001001D0011200','LED REPETIDOR FUNDIDO','si',''),(48,15,'2020-07-20 13:45:10','cgomila2','','EMERGENCIA NO ACTUA',NULL,''),(49,15,'2020-07-20 13:45:22','cgomila2','','LED VEHICULO BÁCULO FUNDIDO',NULL,''),(50,29,'2020-07-21 09:13:35','dtrillo','','ELEMENTO MAL ESTADO',NULL,'');
/*!40000 ALTER TABLE `actuacion` ENABLE KEYS */;
UNLOCK TABLES;

--
-- Table structure for table `averia`
--

DROP TABLE IF EXISTS `averia`;
/*!40101 SET @saved_cs_client     = @@character_set_client */;
/*!50503 SET character_set_client = utf8mb4 */;
CREATE TABLE `averia` (
  `id` int NOT NULL AUTO_INCREMENT,
  `instalacion` varchar(45) COLLATE utf8_spanish_ci NOT NULL,
  `averia` varchar(150) COLLATE utf8_spanish_ci NOT NULL,
  `descripcion` varchar(255) COLLATE utf8_spanish_ci DEFAULT NULL,
  `observacion` varchar(255) COLLATE utf8_spanish_ci DEFAULT NULL,
  `nid` varchar(14) COLLATE utf8_spanish_ci DEFAULT NULL,
  `usuario` varchar(45) COLLATE utf8_spanish_ci NOT NULL,
  `fecha` datetime NOT NULL,
  `facturada` varchar(45) COLLATE utf8_spanish_ci NOT NULL,
  `ubicacion` varchar(255) COLLATE utf8_spanish_ci NOT NULL,
  `tipoInstalacion` varchar(45) COLLATE utf8_spanish_ci NOT NULL,
  `fechafacturada` datetime DEFAULT NULL,
  PRIMARY KEY (`id`)
) ENGINE=InnoDB AUTO_INCREMENT=30 DEFAULT CHARSET=utf8 COLLATE=utf8_spanish_ci;
/*!40101 SET character_set_client = @saved_cs_client */;

--
-- Dumping data for table `averia`
--

LOCK TABLES `averia` WRITE;
/*!40000 ALTER TABLE `averia` DISABLE KEYS */;
INSERT INTO `averia` VALUES (1,'018','AAAAAAAA','AAAAAAAAA','AAAAAAAA',NULL,'dtrillo','2020-01-01 20:00:00','true','CALLE TAL TAL','CRUCE CENTRALIZADO',NULL),(2,'002','BBBB','BBBBBBBBBBBBBB','BBBBBBBBBBBBBBBBBBBBB','00212532111','dtrillo','2020-01-02 20:00:00','true','CALLE TAL TAL','CRUCE','2020-07-20 12:44:03'),(3,'98734','CCCCCC','CCCCCCCCCCCC','CCCCCCCCCCCCCCCC','98037826493','dtrillo','2020-01-01 20:01:00','false','CALLE TAL TAL','CRUCE',NULL),(4,'001','INTERMITENTE',NULL,'SADF','001001D0011200','dtrillo','2020-06-30 12:56:58','false','ARAGÓ - UETAM','CRUCE CENTRALIZADO',NULL),(5,'001','ERROR INTERNO',NULL,'ASDFASDFASDF','001002C0013200','dtrillo','2020-06-30 13:38:52','false','ARAGÓ - UETAM','CRUCE CENTRALIZADO',NULL),(6,'001','APAGADO',NULL,'','','dtrillo','2020-06-30 13:39:52','false','ARAGÓ - UETAM','CRUCE CENTRALIZADO',NULL),(7,'001','INTERMITENTE',NULL,'','','dtrillo','2020-06-30 13:40:30','false','ARAGÓ - UETAM','CRUCE CENTRALIZADO',NULL),(8,'001','SALIDA DE GRUPO INCORRECTA',NULL,'','','dtrillo','2020-06-30 13:41:19','false','ARAGÓ - UETAM','CRUCE CENTRALIZADO',NULL),(9,'001','SALIDA DE GRUPO INCORRECTA',NULL,'','','dtrillo','2020-06-30 13:41:57','false','ARAGÓ - UETAM','CRUCE CENTRALIZADO',NULL),(10,'003','INCOMPATIBILIDAD DETECTADA',NULL,'','','dtrillo','2020-06-30 13:42:22','false','JOAN ALCOVER - FONERS ','CRUCE CENTRALIZADO',NULL),(11,'001','ERROR INTERNO',NULL,'AFDASDFASDF','001002D0013200','dtrillo','2020-06-30 13:44:02','true','ARAGÓ - UETAM','CRUCE CENTRALIZADO','2020-07-20 08:41:29'),(12,'003','NO HAY RETORNO CONTACTOR',NULL,'','','dtrillo','2020-06-30 13:45:36','true','JOAN ALCOVER - FONERS ','CRUCE CENTRALIZADO','2020-07-20 08:21:39'),(13,'700','NO SE PUEDE SACAR CABLE',NULL,'','','dtrillo','2020-07-01 06:46:59','false','CARGADOR VEHICULOS ELECTRICOS  C/ ARAGON','CARGADORES ELÉCTRICOS',NULL),(14,'705','CODIGO ERROR',NULL,'123','','dtrillo','2020-07-01 06:48:39','false','CARGADOR MOTOS - CARRER CONQUISTADOR CANT. PÇ DE LA REINA','CARGADORES ELÉCTRICOS',NULL),(15,'002','INCOMPATIBILIDAD DETECTADA',NULL,'DSFGSDFG','','dtrillo','2020-07-01 06:58:22','false','MANACOR - FRANCESC BARCELÓ I COMBIS ','CRUCE CENTRALIZADO',NULL),(16,'001','APAGADO',NULL,'','001002C0013200','dtrillo','2020-07-01 09:42:18','true','ARAGÓ - UETAM','CRUCE CENTRALIZADO','2020-07-20 12:19:12'),(17,'701','OTROS',NULL,'','','dtrillo','2020-07-01 09:45:40','true','CARGADOR VEHICULOS ELECTRICOS  C/ CONQUISTADOR','CARGADORES ELÉCTRICOS',NULL),(18,'007','NO HAY RETORNO CONTACTOR',NULL,'','','dtrillo','2020-07-01 09:47:22','true','MANUEL AZAÑA - PÉREZ GALDÓS','CRUCE CENTRALIZADO',NULL),(19,'701','NO SE PUEDE SACAR CABLE',NULL,'','','dtrillo','2020-07-02 08:29:34','true','CARGADOR VEHICULOS ELECTRICOS  C/ CONQUISTADOR','CARGADORES ELÉCTRICOS',NULL),(20,'CENTRAL 3','TEMPERATURA FUERA DE RANGO',NULL,'','','dtrillo','2020-07-02 08:29:51','true','CENTRAL 3','CENTRAL',NULL),(21,'806','APAGADA',NULL,'','','dtrillo','2020-07-02 08:30:00','true','CAMI JESUS - ALFRED BONET - TESEU VALENTI - COLEGIO LUIS VIVES','SEÑALES LUMINOSAS',NULL),(22,'005','NO HAY RETORNO CONTACTOR',NULL,'','','dtrillo','2020-07-02 08:30:11','true','JOAN ALCOVER - JOAN MARAGALL','CRUCE CENTRALIZADO',NULL),(23,'NOD50','PUERTA ABIERTA',NULL,'','','dtrillo','2020-07-02 08:30:28','true','NODO LAVADERO','NODO',NULL),(24,'5012','',NULL,'','','dtrillo','2020-07-02 08:30:36','true','JONQUET SALIDA','CONTROL DE ACCESOS',NULL),(25,'5012','DEMONTAR/MONTAR VALIDADOR',NULL,'','','dtrillo','2020-07-02 08:30:47','true','JONQUET SALIDA','CONTROL DE ACCESOS',NULL),(26,'906','FIJO',NULL,'','','dtrillo','2020-07-02 08:55:50','true','CTRA. MANACOR - TRAV. GREGORI MARAÑÓN','CRUCE NO CENTRALIZADO',NULL),(27,'003','ERROR INTERNO',NULL,'','','dtrillo','2020-07-02 08:56:58','true','JOAN ALCOVER - FONERS ','CRUCE CENTRALIZADO',NULL),(28,'NOD60','AVERIA SAI',NULL,'','','dtrillo','2020-07-09 12:31:15','true','NODO CATALUNYA','NODO','2020-07-13 12:34:08'),(29,'E30503','ELEMENTO MAL ESTADO',NULL,'','','dtrillo','2020-07-21 09:12:55','false','AVINGUDA ARGENTINA ENTRE CARO I PSG. MARITIM','ESPIRAS',NULL);
/*!40000 ALTER TABLE `averia` ENABLE KEYS */;
UNLOCK TABLES;

--
-- Table structure for table `estado`
--

DROP TABLE IF EXISTS `estado`;
/*!40101 SET @saved_cs_client     = @@character_set_client */;
/*!50503 SET character_set_client = utf8mb4 */;
CREATE TABLE `estado` (
  `id` int NOT NULL AUTO_INCREMENT,
  `idaveria` int NOT NULL,
  `fecha` datetime NOT NULL,
  `usuario` varchar(45) COLLATE utf8_spanish_ci NOT NULL,
  `estado` varchar(45) COLLATE utf8_spanish_ci NOT NULL,
  `descripcion` varchar(255) COLLATE utf8_spanish_ci DEFAULT NULL,
  PRIMARY KEY (`id`)
) ENGINE=InnoDB AUTO_INCREMENT=62 DEFAULT CHARSET=utf8 COLLATE=utf8_spanish_ci;
/*!40101 SET character_set_client = @saved_cs_client */;

--
-- Dumping data for table `estado`
--

LOCK TABLES `estado` WRITE;
/*!40000 ALTER TABLE `estado` DISABLE KEYS */;
INSERT INTO `estado` VALUES (1,1,'2020-06-19 08:37:37','dtrillo','INICIADA','LLEGADA AL CRUCE'),(2,1,'2020-06-25 05:16:13','dtrillo','PENDIENTE','GHFGHFGHDFGH'),(3,3,'2020-06-25 05:16:27','dtrillo','PAUSADA','SDFGSDFG SDFGSDGDG '),(4,1,'2020-06-25 05:26:04','dtrillo','INICIADA','asdfsadfasdfsddfsdfsfffffffff'),(5,2,'2020-06-25 09:49:04','dtrillo','PAUSADA','fsdh dfgzdxfg zdg'),(6,1,'2020-06-25 09:53:04','dtrillo','ACABADA','eg dgdfg '),(7,2,'2020-06-25 09:53:18','dtrillo','ENTERADO','zcbfvbcxb'),(8,1,'2020-06-25 09:59:09','dtrillo','PENDIENTE','asdf'),(9,3,'2020-06-25 10:02:59','dtrillo','ACABADA',''),(10,1,'2020-06-25 10:10:56','dtrillo','ENTERADO','fghsfgsdfgsdfg'),(11,1,'2020-06-25 12:20:59','dtrillo','ENTERADO',''),(12,3,'2020-06-25 12:28:05','dtrillo','PENDIENTE','WQEWQERQWERQWER'),(13,2,'2020-06-25 13:08:56','dtrillo','ENTERADO',''),(14,2,'2020-06-25 13:13:41','dtrillo','ACABADA',''),(15,1,'2020-06-29 08:34:20','dtrillo','ACABADA',''),(16,1,'2020-06-29 08:34:39','dtrillo','INICIADA',''),(17,1,'2020-06-29 09:19:26','dtrillo','ACABADA',''),(18,3,'2020-06-29 11:56:06','dtrillo','PENDIENTE',''),(19,1,'2020-06-29 14:03:45','dtrillo','INICIADAasdvasdfas','SADFASDFSAF'),(20,2,'2020-06-30 07:14:44','dtrillo','INICIADA','TYY DSHSGH '),(21,4,'2020-06-30 13:40:30','dtrillo','INICIADA',NULL),(22,11,'2020-06-30 13:44:02','dtrillo','INICIADA',NULL),(23,12,'2020-06-30 13:45:36','dtrillo','INICIADA',''),(24,12,'2020-06-30 13:51:43','dtrillo','ENTERADO','12341234123412341234SDFGVSFDBVZXCV CVCVDFBVSDFGASDF SDFGSD GDFG'),(25,11,'2020-06-30 13:53:14','dtrillo','ACABADA',''),(26,12,'2020-06-30 13:55:56','dtrillo','ACABADA',''),(27,14,'2020-07-01 06:48:39','dtrillo','INICIADA',''),(28,1,'2020-07-01 06:57:13','dtrillo','PAUSADA','SGFDHF DFHFDHD FGHDF HDFGH'),(29,15,'2020-07-01 06:58:22','dtrillo','INICIADA',''),(30,1,'2020-07-01 07:28:23','dtrillo','ACABADA',''),(31,16,'2020-07-01 09:42:18','dtrillo','PENDIENTE',''),(32,17,'2020-07-01 09:45:40','dtrillo','PENDIENTE',''),(33,18,'2020-07-01 09:47:22','dtrillo','PENDIENTE',''),(34,19,'2020-07-02 08:29:34','dtrillo','PENDIENTE',''),(35,20,'2020-07-02 08:29:51','dtrillo','PENDIENTE',''),(36,21,'2020-07-02 08:30:00','dtrillo','PENDIENTE',''),(37,22,'2020-07-02 08:30:11','dtrillo','PENDIENTE',''),(38,23,'2020-07-02 08:30:28','dtrillo','PENDIENTE',''),(39,24,'2020-07-02 08:30:36','dtrillo','PENDIENTE',''),(40,25,'2020-07-02 08:30:47','dtrillo','PENDIENTE',''),(41,26,'2020-07-02 08:55:50','dtrillo','PENDIENTE',''),(42,27,'2020-07-02 08:56:58','dtrillo','PENDIENTE',''),(43,27,'2020-07-06 10:23:52','dtrillo','ACABADA',''),(44,26,'2020-07-06 13:40:18','dtrillo','ACABADA',''),(45,23,'2020-07-07 07:29:26','dtrillo','INICIADA','ASGADGFDG'),(46,24,'2020-07-07 14:14:38','dtrillo','ACABADA','DFGADFG'),(47,22,'2020-07-07 14:17:35','dtrillo','ACABADA','ADFGAFGDSFGSDFG'),(48,21,'2020-07-07 14:18:18','dtrillo','ACABADA',''),(49,20,'2020-07-07 14:20:04','dtrillo','ACABADA',''),(50,19,'2020-07-07 14:22:26','dtrillo','ACABADA',''),(51,18,'2020-07-09 08:04:18','dtrillo','ACABADA',''),(52,17,'2020-07-09 08:06:06','dtrillo','ACABADA',''),(53,28,'2020-07-09 12:31:15','dtrillo','PENDIENTE',''),(54,28,'2020-07-09 13:29:42','btrigo','INICIADA','JLÑKJ'),(55,28,'2020-07-13 08:23:04','dtrillo','ENTERADO',''),(56,28,'2020-07-13 12:27:53','dtrillo','ACABADA',''),(57,16,'2020-07-20 12:08:21','dtrillo','INICIADA','H'),(58,16,'2020-07-20 12:15:53','dtrillo','ACABADA',''),(59,2,'2020-07-20 12:40:38','dtrillo','ACABADA',''),(60,29,'2020-07-21 09:12:55','dtrillo','PENDIENTE',''),(61,29,'2020-07-21 09:13:15','dtrillo','INICIADA','');
/*!40000 ALTER TABLE `estado` ENABLE KEYS */;
UNLOCK TABLES;

--
-- Table structure for table `material`
--

DROP TABLE IF EXISTS `material`;
/*!40101 SET @saved_cs_client     = @@character_set_client */;
/*!50503 SET character_set_client = utf8mb4 */;
CREATE TABLE `material` (
  `id` int NOT NULL DEFAULT '0',
  `idaveria` int NOT NULL,
  `fecha` datetime NOT NULL,
  `usuario` varchar(45) COLLATE utf8_spanish_ci NOT NULL,
  `nid` varchar(14) COLLATE utf8_spanish_ci DEFAULT NULL,
  `material` varchar(255) COLLATE utf8_spanish_ci NOT NULL,
  `facturable` varchar(45) COLLATE utf8_spanish_ci DEFAULT NULL,
  `observaciones` varchar(255) COLLATE utf8_spanish_ci DEFAULT NULL,
  `unidades` int NOT NULL DEFAULT '1'
) ENGINE=InnoDB DEFAULT CHARSET=utf8 COLLATE=utf8_spanish_ci;
/*!40101 SET character_set_client = @saved_cs_client */;

--
-- Dumping data for table `material`
--

LOCK TABLES `material` WRITE;
/*!40000 ALTER TABLE `material` DISABLE KEYS */;
/*!40000 ALTER TABLE `material` ENABLE KEYS */;
UNLOCK TABLES;

--
-- Table structure for table `rol`
--

DROP TABLE IF EXISTS `rol`;
/*!40101 SET @saved_cs_client     = @@character_set_client */;
/*!50503 SET character_set_client = utf8mb4 */;
CREATE TABLE `rol` (
  `idrol` int NOT NULL AUTO_INCREMENT,
  `usuario` varchar(45) COLLATE utf8_spanish_ci NOT NULL,
  `rol` varchar(45) COLLATE utf8_spanish_ci NOT NULL,
  PRIMARY KEY (`idrol`)
) ENGINE=InnoDB AUTO_INCREMENT=4 DEFAULT CHARSET=utf8 COLLATE=utf8_spanish_ci;
/*!40101 SET character_set_client = @saved_cs_client */;

--
-- Dumping data for table `rol`
--

LOCK TABLES `rol` WRITE;
/*!40000 ALTER TABLE `rol` DISABLE KEYS */;
INSERT INTO `rol` VALUES (1,'csalinas','facturar'),(2,'cgomila','facturar'),(3,'dtrillo','facturar');
/*!40000 ALTER TABLE `rol` ENABLE KEYS */;
UNLOCK TABLES;

--
-- Table structure for table `tipoactuacion`
--

DROP TABLE IF EXISTS `tipoactuacion`;
/*!40101 SET @saved_cs_client     = @@character_set_client */;
/*!50503 SET character_set_client = utf8mb4 */;
CREATE TABLE `tipoactuacion` (
  `id` int NOT NULL DEFAULT '0',
  `categoria` varchar(45) COLLATE utf8_spanish_ci NOT NULL,
  `tipoactuacion` varchar(100) COLLATE utf8_spanish_ci NOT NULL
) ENGINE=InnoDB DEFAULT CHARSET=utf8 COLLATE=utf8_spanish_ci;
/*!40101 SET character_set_client = @saved_cs_client */;

--
-- Dumping data for table `tipoactuacion`
--

LOCK TABLES `tipoactuacion` WRITE;
/*!40000 ALTER TABLE `tipoactuacion` DISABLE KEYS */;
INSERT INTO `tipoactuacion` VALUES (1,'CRUCE CENTRALIZADO','APAGADO'),(2,'CRUCE CENTRALIZADO','INTERMITENTE'),(3,'CRUCE CENTRALIZADO','SALIDA DE GRUPO INCORRECTA'),(4,'CRUCE CENTRALIZADO','SIN COMUNICACIÓN'),(5,'CRUCE CENTRALIZADO','ERROR INTERNO'),(6,'CRUCE CENTRALIZADO','INCOMPATIBILIDAD DETECTADA'),(7,'CRUCE CENTRALIZADO','NO HAY RETORNO CONTACTOR'),(8,'CRUCE CENTRALIZADO','FIJO'),(9,'CRUCE CENTRALIZADO','EMERGENCIA NO ACTUA'),(10,'CRUCE CENTRALIZADO','PUERTA ABIERTA REGULADOR'),(11,'CRUCE CENTRALIZADO','TEMPERATURA FUERA DE RANGO'),(12,'CRUCE CENTRALIZADO','LED  VEHICULO FUNDIDO'),(13,'CRUCE CENTRALIZADO','LED  VEHICULO BÁCULO FUNDIDO'),(14,'CRUCE CENTRALIZADO','LED REPETIDOR FUNDIDO'),(15,'CRUCE CENTRALIZADO','LED PEATON FUNDIDO'),(16,'CRUCE CENTRALIZADO','INVIDENTE NO FUNCIONA'),(17,'CRUCE CENTRALIZADO','PULSADOR NO FUNCIONA'),(18,'CRUCE CENTRALIZADO','LUZ PULSADOR NO FUNCIONA'),(19,'CRUCE CENTRALIZADO','DETECTOR PEATÓN NO FUNCIONA'),(20,'CRUCE CENTRALIZADO','COMPROBAR FUNCIONAMIENTO'),(21,'CRUCE CENTRALIZADO','DERRIBO'),(22,'CRUCE CENTRALIZADO','SEMÁFORO VEHICULOS GIRADO'),(23,'CRUCE CENTRALIZADO','SEMÁFORO PEATON GIRADO'),(24,'CRUCE CENTRALIZADO','ELEMENTO EN MAL ESTADO'),(25,'CRUCE CENTRALIZADO','SEMÁFORO VEHICULOS ABIERTO'),(26,'CRUCE CENTRALIZADO','SEMÁFORO PEATON ABIERTO'),(27,'CRUCE CENTRALIZADO','CRUCE MAL FUNCIONAMIENTO'),(28,'CRUCE CENTRALIZADO','TAPA COLUMNA ABIERTA'),(29,'CRUCE CENTRALIZADO','OTROS'),(30,'CENTRAL','APAGADA'),(31,'CENTRAL','NO COMUNICA'),(32,'CENTRAL','VARIOS CRUCES NO COMUNICAN'),(33,'CENTRAL','TEMPERATURA FUERA DE RANGO'),(34,'CENTRAL','PUERTA ABIERTA'),(35,'CENTRAL','ELEMENTO MAL ESTADO'),(36,'CENTRAL','AVERIA SAI'),(37,'CENTRAL','OTROS'),(38,'NODO','APAGADA'),(39,'NODO','NO COMUNICA'),(40,'NODO','VARIOS CRUCES NO COMUNICAN'),(41,'NODO','TEMPERATURA FUERA DE RANGO'),(42,'NODO','PUERTA ABIERTA'),(43,'NODO','ELEMENTO MAL ESTADO'),(44,'NODO','AVERIA SAI'),(45,'NODO','OTROS'),(46,'CÁMARAS','SIN IMAGEN'),(47,'CÁMARAS','FALLA TELEMANDO'),(48,'CÁMARAS','FALLA IMAGEN'),(49,'CÁMARAS','ELEMENTO MAL ESTADO'),(50,'CÁMARAS','OTROS'),(51,'PANEL INFORMATIVO','NO COMUNICA'),(52,'PANEL INFORMATIVO','MODULO NO COMUNICA'),(53,'PANEL INFORMATIVO','ELEMENTO MAL ESTADO'),(54,'PANEL INFORMATIVO','OTROS'),(55,'ESPIRAS','NO COMUNICA'),(56,'ESPIRAS','CONTEO NULO'),(57,'ESPIRAS','CONTEO EXCESIVO'),(58,'ESPIRAS','REHACER'),(59,'ESPIRAS','ELEMENTO MAL ESTADO'),(60,'ESPIRAS','OTROS'),(61,'CARGADORES ELÉCTRICOS','NO CARGA'),(62,'CARGADORES ELÉCTRICOS','NO SE PUEDE SACAR CABLE'),(63,'CARGADORES ELÉCTRICOS','NO COMUNICA'),(64,'CARGADORES ELÉCTRICOS','CODIGO ERROR'),(65,'CARGADORES ELÉCTRICOS','OTROS'),(66,'CONTROL DE ACCESOS','NO COMUNICA'),(67,'CONTROL DE ACCESOS','NO COMUNICA INTERFONIA'),(68,'CONTROL DE ACCESOS','ERROR FUNCIONAMIENTO'),(69,'CONTROL DE ACCESOS','ELEMENTO MAL ESTADO'),(70,'CONTROL DE ACCESOS','DEMONTAR/MONTAR VALIDADOR'),(71,'CONTROL DE ACCESOS','OTROS'),(72,'SEÑALES LUMINOSAS','APAGADA'),(73,'RADAR','APAGADO'),(74,'FOTO ROJO','APAGADO'),(75,'BICIPALMA','NO COMUNICA');
/*!40000 ALTER TABLE `tipoactuacion` ENABLE KEYS */;
UNLOCK TABLES;

--
-- Table structure for table `tipoaveria`
--

DROP TABLE IF EXISTS `tipoaveria`;
/*!40101 SET @saved_cs_client     = @@character_set_client */;
/*!50503 SET character_set_client = utf8mb4 */;
CREATE TABLE `tipoaveria` (
  `id` int NOT NULL AUTO_INCREMENT,
  `categoria` varchar(45) COLLATE utf8_spanish_ci NOT NULL,
  `tipoaveria` varchar(100) COLLATE utf8_spanish_ci NOT NULL,
  PRIMARY KEY (`id`)
) ENGINE=InnoDB AUTO_INCREMENT=76 DEFAULT CHARSET=utf8 COLLATE=utf8_spanish_ci;
/*!40101 SET character_set_client = @saved_cs_client */;

--
-- Dumping data for table `tipoaveria`
--

LOCK TABLES `tipoaveria` WRITE;
/*!40000 ALTER TABLE `tipoaveria` DISABLE KEYS */;
INSERT INTO `tipoaveria` VALUES (1,'CRUCE CENTRALIZADO','APAGADO'),(2,'CRUCE CENTRALIZADO','INTERMITENTE'),(3,'CRUCE CENTRALIZADO','SALIDA DE GRUPO INCORRECTA'),(4,'CRUCE CENTRALIZADO','SIN COMUNICACIÓN'),(5,'CRUCE CENTRALIZADO','ERROR INTERNO'),(6,'CRUCE CENTRALIZADO','INCOMPATIBILIDAD DETECTADA'),(7,'CRUCE CENTRALIZADO','NO HAY RETORNO CONTACTOR'),(8,'CRUCE CENTRALIZADO','FIJO'),(9,'CRUCE CENTRALIZADO','EMERGENCIA NO ACTUA'),(10,'CRUCE CENTRALIZADO','PUERTA ABIERTA REGULADOR'),(11,'CRUCE CENTRALIZADO','TEMPERATURA FUERA DE RANGO'),(12,'CRUCE CENTRALIZADO','LED  VEHICULO FUNDIDO'),(13,'CRUCE CENTRALIZADO','LED  VEHICULO BÁCULO FUNDIDO'),(14,'CRUCE CENTRALIZADO','LED REPETIDOR FUNDIDO'),(15,'CRUCE CENTRALIZADO','LED PEATON FUNDIDO'),(16,'CRUCE CENTRALIZADO','INVIDENTE NO FUNCIONA'),(17,'CRUCE CENTRALIZADO','PULSADOR NO FUNCIONA'),(18,'CRUCE CENTRALIZADO','LUZ PULSADOR NO FUNCIONA'),(19,'CRUCE CENTRALIZADO','DETECTOR PEATÓN NO FUNCIONA'),(20,'CRUCE CENTRALIZADO','COMPROBAR FUNCIONAMIENTO'),(21,'CRUCE CENTRALIZADO','DERRIBO'),(22,'CRUCE CENTRALIZADO','SEMÁFORO VEHICULOS GIRADO'),(23,'CRUCE CENTRALIZADO','SEMÁFORO PEATON GIRADO'),(24,'CRUCE CENTRALIZADO','ELEMENTO EN MAL ESTADO'),(25,'CRUCE CENTRALIZADO','SEMÁFORO VEHICULOS ABIERTO'),(26,'CRUCE CENTRALIZADO','SEMÁFORO PEATON ABIERTO'),(27,'CRUCE CENTRALIZADO','CRUCE MAL FUNCIONAMIENTO'),(28,'CRUCE CENTRALIZADO','TAPA COLUMNA ABIERTA'),(29,'CRUCE CENTRALIZADO','OTROS'),(30,'CENTRAL','APAGADA'),(31,'CENTRAL','NO COMUNICA'),(32,'CENTRAL','VARIOS CRUCES NO COMUNICAN'),(33,'CENTRAL','TEMPERATURA FUERA DE RANGO'),(34,'CENTRAL','PUERTA ABIERTA'),(35,'CENTRAL','ELEMENTO MAL ESTADO'),(36,'CENTRAL','AVERIA SAI'),(37,'CENTRAL','OTROS'),(38,'NODO','APAGADA'),(39,'NODO','NO COMUNICA'),(40,'NODO','VARIOS CRUCES NO COMUNICAN'),(41,'NODO','TEMPERATURA FUERA DE RANGO'),(42,'NODO','PUERTA ABIERTA'),(43,'NODO','ELEMENTO MAL ESTADO'),(44,'NODO','AVERIA SAI'),(45,'NODO','OTROS'),(46,'CÁMARAS','SIN IMAGEN'),(47,'CÁMARAS','FALLA TELEMANDO'),(48,'CÁMARAS','FALLA IMAGEN'),(49,'CÁMARAS','ELEMENTO MAL ESTADO'),(50,'CÁMARAS','OTROS'),(51,'PANEL INFORMATIVO','NO COMUNICA'),(52,'PANEL INFORMATIVO','MODULO NO COMUNICA'),(53,'PANEL INFORMATIVO','ELEMENTO MAL ESTADO'),(54,'PANEL INFORMATIVO','OTROS'),(55,'ESPIRAS','NO COMUNICA'),(56,'ESPIRAS','CONTEO NULO'),(57,'ESPIRAS','CONTEO EXCESIVO'),(58,'ESPIRAS','REHACER'),(59,'ESPIRAS','ELEMENTO MAL ESTADO'),(60,'ESPIRAS','OTROS'),(61,'CARGADORES ELÉCTRICOS','NO CARGA'),(62,'CARGADORES ELÉCTRICOS','NO SE PUEDE SACAR CABLE'),(63,'CARGADORES ELÉCTRICOS','NO COMUNICA'),(64,'CARGADORES ELÉCTRICOS','CODIGO ERROR'),(65,'CARGADORES ELÉCTRICOS','OTROS'),(66,'CONTROL DE ACCESOS','NO COMUNICA'),(67,'CONTROL DE ACCESOS','NO COMUNICA INTERFONIA'),(68,'CONTROL DE ACCESOS','ERROR FUNCIONAMIENTO'),(69,'CONTROL DE ACCESOS','ELEMENTO MAL ESTADO'),(70,'CONTROL DE ACCESOS','DEMONTAR/MONTAR VALIDADOR'),(71,'CONTROL DE ACCESOS','OTROS'),(72,'SEÑALES LUMINOSAS','APAGADA'),(73,'RADAR','APAGADO'),(74,'FOTO ROJO','APAGADO'),(75,'BICIPALMA','NO COMUNICA');
/*!40000 ALTER TABLE `tipoaveria` ENABLE KEYS */;
UNLOCK TABLES;

--
-- Table structure for table `tipomaterial`
--

DROP TABLE IF EXISTS `tipomaterial`;
/*!40101 SET @saved_cs_client     = @@character_set_client */;
/*!50503 SET character_set_client = utf8mb4 */;
CREATE TABLE `tipomaterial` (
  `id` int NOT NULL AUTO_INCREMENT,
  `familia` varchar(45) COLLATE utf8_spanish_ci NOT NULL,
  `categoria` varchar(45) COLLATE utf8_spanish_ci NOT NULL,
  `tipomaterial` varchar(255) COLLATE utf8_spanish_ci NOT NULL,
  `partida` varchar(45) COLLATE utf8_spanish_ci NOT NULL,
  PRIMARY KEY (`id`)
) ENGINE=InnoDB AUTO_INCREMENT=8 DEFAULT CHARSET=utf8 COLLATE=utf8_spanish_ci;
/*!40101 SET character_set_client = @saved_cs_client */;

--
-- Dumping data for table `tipomaterial`
--

LOCK TABLES `tipomaterial` WRITE;
/*!40000 ALTER TABLE `tipomaterial` DISABLE KEYS */;
INSERT INTO `tipomaterial` VALUES (1,'SEMAFOROS','ARMARIOS','Armario tipo M2','MAT-ARM-01'),(2,'SEMAFOROS','ARMARIOS','Armario tipo M3','MAT-ARM-02'),(3,'SEMAFOROS','ARMARIOS','Armario tipo M1','MAT-ARM-03'),(4,'SEMAFOROS','ARMARIOS','Armario tipo M4','MAT-ARM-04'),(5,'SOPORTES','BACULO','Báculo 1','MAT-BAC-04'),(6,'SOPORTES','COLUMNA','Columna 1','MAT-COL-04'),(7,'SOPORTES','SOPORTE','Soporte 1','MAT-SOP-04');
/*!40000 ALTER TABLE `tipomaterial` ENABLE KEYS */;
UNLOCK TABLES;
/*!40103 SET TIME_ZONE=@OLD_TIME_ZONE */;

/*!40101 SET SQL_MODE=@OLD_SQL_MODE */;
/*!40014 SET FOREIGN_KEY_CHECKS=@OLD_FOREIGN_KEY_CHECKS */;
/*!40014 SET UNIQUE_CHECKS=@OLD_UNIQUE_CHECKS */;
/*!40101 SET CHARACTER_SET_CLIENT=@OLD_CHARACTER_SET_CLIENT */;
/*!40101 SET CHARACTER_SET_RESULTS=@OLD_CHARACTER_SET_RESULTS */;
/*!40101 SET COLLATION_CONNECTION=@OLD_COLLATION_CONNECTION */;
/*!40111 SET SQL_NOTES=@OLD_SQL_NOTES */;

-- Dump completed on 2020-07-22  7:15:46
